Workbook

Sheet Note
A1: Variable | B1: Description | C1: Explanation
A2: Apple | B2: Apple's Excess Return: Ra-Rf | C2: Asset we want to price
A3: Mkt | B3: Market Excess Return: Rm-Rf | C3: Market Risk Factor
A4: SMB | B4: Small minus Big: Small cap - Large Cap | C4: Size Risk Factor
A5: HML | B5: High minus Low: High B/M minus Low B/M | C5: Value Risk Factor

Sheet Returns
B1: Apple | C1: Mkt | D1: SMB | E1: HML | F1: Predicted | G1: Error | J1: Apple | K1: Mkt | L1: SMB | M1: HML
A2: 29587 | B2: -0.180418 | C2: -0.0504 | D2: 0.03 | E2: 0.0685 | F2: ='FF3 Regression'!$B$17+'FF3 Regression'!$B$18*Returns!C2+'FF3 Regression'!$B$19*Returns!D2+'FF3 Regression'!$B$20*Returns!E2 -> -0.10134165 | G2: =B2-F2 -> -0.079076346 | I2: Expected Return | J2: =AVERAGE(B2:B433) -> 0.018374829 | K2: =AVERAGE(C2:C433) -> 0.0061668981 | L2: =AVERAGE(D2:D433) -> 0.0010324074 | M2: =AVERAGE(E2:E433) -> 0.0037337963
A3: 29618 | B3: -0.072374 | C3: 0.0056 | D3: -0.0031 | E3: 0.0097 | F3: ='FF3 Regression'!$B$17+'FF3 Regression'!$B$18*Returns!C3+'FF3 Regression'!$B$19*Returns!D3+'FF3 Regression'!$B$20*Returns!E3 -> 0.011150718 | G3: =B3-F3 -> -0.083524718 | I3: Annualized | J3: =J2*12 -> 0.22049794 | K3: =K2*12 -> 0.074002778 | L3: =L2*12 -> 0.012388889 | M3: =M2*12 -> 0.044805556
A4: 29646 | B4: -0.087217 | C4: 0.0356 | D4: 0.0358 | E4: 0.0065 | F4: ='FF3 Regression'!$B$17+'FF3 Regression'!$B$18*Returns!C4+'FF3 Regression'!$B$19*Returns!D4+'FF3 Regression'!$B$20*Returns!E4 -> 0.06168981 | G4: =B4-F4 -> -0.14890681
A5: 29677 | B5: 0.14656 | C5: -0.021 | D5: 0.0442 | E5: 0.0226 | F5: ='FF3 Regression'!$B$17+'FF3 Regression'!$B$18*Returns!C5+'FF3 Regression'!$B$19*Returns!D5+'FF3 Regression'!$B$20*Returns!E5 -> -0.019938723 | G5: =B5-F5 -> 0.16649872
A6: 29707 | B6: 0.152974 | C6: 0.0011 | D6: 0.02 | E6: -0.0044 | F6: ='FF3 Regression'!$B$17+'FF3 Regression'!$B$18*Returns!C6+'FF3 Regression'!$B$19*Returns!D6+'FF3 Regression'!$B$20*Returns!E6 -> 0.024772417 | G6: =B6-F6 -> 0.12820158
A7: 29738 | B7: -0.228189 | C7: -0.0236 | D7: -0.0085 | E7: 0.0513 | F7: ='FF3 Regression'!$B$17+'FF3 Regression'!$B$18*Returns!C7+'FF3 Regression'!$B$19*Returns!D7+'FF3 Regression'!$B$20*Returns!E7 -> -0.063679398 | G7: =B7-F7 -> -0.1645096
A8: 29768 | B8: -0.050769 | C8: -0.0154 | D8: -0.0217 | E8: -0.0063 | F8: ='FF3 Regression'!$B$17+'FF3 Regression'!$B$18*Returns!C8+'FF3 Regression'!$B$19*Returns!D8+'FF3 Regression'!$B$20*Returns!E8 -> -0.0053834438 | G8: =B8-F8 -> -0.045385556
A9: 29799 | B9: -0.207314 | C9: -0.0703 | D9: -0.0195 | E9: 0.0483 | F9: ='FF3 Regression'!$B$17+'FF3 Regression'!$B$18*Returns!C9+'FF3 Regression'!$B$19*Returns!D9+'FF3 Regression'!$B$20*Returns!E9 -> -0.12135083 | G9: =B9-F9 -> -0.085963168
A10: 29830 | B10: -0.253886 | C10: -0.0717 | D10: -0.0266 | E10: 0.0518 | F10: ='FF3 Regression'!$B$17+'FF3 Regression'!$B$18*Returns!C10+'FF3 Regression'!$B$19*Returns!D10+'FF3 Regression'!$B$20*Returns!E10 -> -0.1282016 | G10: =B10-F10 -> -0.1256844
A11: 29860 | B11: 0.298104 | C11: 0.0492 | D11: 0.0214 | E11: -0.0421 | F11: ='FF3 Regression'!$B$17+'FF3 Regression'!$B$18*Returns!C11+'FF3 Regression'!$B$19*Returns!D11+'FF3 Regression'!$B$20*Returns!E11 -> 0.11816715 | G11: =B11-F11 -> 0.17993685
A12: 29891 | B12: -0.079236 | C12: 0.0336 | D12: -0.0097 | E12: 0.0189 | F12: ='FF3 Regression'!$B$17+'FF3 Regression'!$B$18*Returns!C12+'FF3 Regression'!$B$19*Returns!D12+'FF3 Regression'!$B$20*Returns!E12 -> 0.0353818 | G12: =B12-F12 -> -0.1146178
A13: 29921 | B13: 0.178591 | C13: -0.0365 | D13: 0.0117 | E13: 0.0075 | F13: ='FF3 Regression'!$B$17+'FF3 Regression'!$B$18*Returns!C13+'FF3 Regression'!$B$19*Returns!D13+'FF3 Regression'!$B$20*Returns!E13 -> -0.034407576 | G13: =B13-F13 -> 0.21299858
A14: 29952 | B14: -0.086873 | C14: -0.0324 | D14: -0.0128 | E14: 0.0314 | F14: ='FF3 Regression'!$B$17+'FF3 Regression'!$B$18*Returns!C14+'FF3 Regression'!$B$19*Returns!D14+'FF3 Regression'!$B$20*Returns!E14 -> -0.057742344 | G14: =B14-F14 -> -0.029130656
A15: 29983 | B15: -0.113176 | C15: -0.0586 | D15: 0.0048 | E15: 0.0607 | F15: ='FF3 Regression'!$B$17+'FF3 Regression'!$B$18*Returns!C15+'FF3 Regression'!$B$19*Returns!D15+'FF3 Regression'!$B$20*Returns!E15 -> -0.11139688 | G15: =B15-F15 -> -0.0017791224
... A433: 42705 | B433: 0.047655 | C433: 0.0182 | D433: 0.0008 | E433: 0.0361 | F433: ='FF3 Regression'!$B$17+'FF3 Regression'!$B$18*Returns!C433+'FF3 Regression'!$B$19*Returns!D433+'FF3 Regression'!$B$20*Returns!E433 -> 0.0039075327 | G433: =B433-F433 -> 0.043747467

Sheet FF3 Regression
A1: SUMMARY OUTPUT
A3: Regression Statistics
A5: R Square | B5: 0.26429245
A6: Adjusted R Square | B6: 0.25913562
A7: Standard Error | B7: 0.11598211
A8: Observations | B8: 432
A10: ANOVA
B11: df | C11: SS | D11: MS | E11: F | F11: Significance F
A12: Regression | B12: 3 | C12: 2.0682608 | D12: 0.68942028 | E12: 51.250966 | F12: 2.5536692e-28
A13: Residual | B13: 428 | C13: 5.7573916 | D13: 0.013451849
A14: Total | B14: 431 | C14: 7.8256524
B16: Coefficients | C16: Standard Error | D16: t Stat | E16: P-value | F16: Lower 95% | G16: Upper 95%
A17: Intercept | B17: 0.013884185 | C17: 0.0057216257 | D17: 2.4266154 | E17: 0.015652455 | F17: 0.002638203 | G17: 0.025130167
A18: Mkt | B18: 1.2271959 | C18: 0.13289505 | D18: 9.2343232 | E18: 1.216909e-18 | F18: 0.96598769 | G18: 1.488404
A19: SMB | B19: 0.27864443 | C19: 0.1944557 | D19: 1.4329455 | E19: 0.15260341 | F19: -0.10356255 | G19: 0.66085141
A20: HML | B20: -0.90123358 | C20: 0.20395809 | D20: -4.4187195 | E20: 1.2596996e-05 | F20: -1.3021177 | G20: -0.50034945
A24: RESIDUAL OUTPUT
A26: Observation | B26: Predicted Apple | C26: Residuals
A27: 1 | B27: -0.10134165 | C27: -0.079076346
A28: 2 | B28: 0.011150718 | C28: -0.083524718
A29: 3 | B29: 0.06168981 | C29: -0.14890681
A30: 4 | B30: -0.019938723 | C30: 0.16649872
A31: 5 | B31: 0.024772417 | C31: 0.12820158
A32: 6 | B32: -0.063679398 | C32: -0.1645096
A33: 7 | B33: -0.0053834438 | C33: -0.045385556
A34: 8 | B34: -0.12135083 | C34: -0.085963168
A35: 9 | B35: -0.1282016 | C35: -0.1256844
A36: 10 | B36: 0.11816715 | C36: 0.17993685
A37: 11 | B37: 0.0353818 | C37: -0.1146178
A38: 12 | B38: -0.034407576 | C38: 0.21299858
... A458: 432 | B458: 0.0039075327 | C458: 0.043747467

Sheet Replication
A1: SUMMARY OUTPUT
A3: Regression Statistics
A5: R Square | B5: =C12/C14 -> 0.26429245
A6: Adjusted R Square | B6: =1-C13/C14*(B8-1)/(B8-(3+1)) -> 0.25913562
A7: Standard Error | B7: =SQRT(D13) -> 0.11598211
A8: Observations | B8: =COUNT(Returns!B2:B433) -> 432
A10: ANOVA
B11: df | C11: SS | D11: MS | E11: F | F11: Significance F
A12: Regression | B12: 3 | C12: =DEVSQ(Returns!F2:F433) -> 2.0682608 | D12: =C12/B12 -> 0.68942028 | E12: =D12/D13 -> 51.250966 | F12: =1-_xlfn.F.DIST(E12,3,B8-(3+1),TRUE) -> 0
A13: Residual | B13: =B8-(B12+1) -> 428 | C13: =DEVSQ(Returns!G2:G433) -> 5.7573916 | D13: =C13/B13 -> 0.013451849
A14: Total | B14: =B13+B12 -> 431 | C14: =DEVSQ(Returns!B2:B433) -> 7.8256524
B16: Coefficients | C16: Standard Error | D16: t Stat | E16: P-value | F16: Lower 95% | G16: Upper 95%
A17: Intercept | B17: 0.013884185 | C17: 0.0057216257 | D17: 2.4266154 | E17: 0.015652455 | F17: 0.002638203 | G17: 0.025130167
A18: Mkt | B18: 1.2271959 | C18: 0.13289505 | D18: 9.2343232 | E18: 1.216909e-18 | F18: 0.96598769 | G18: 1.488404
A19: SMB | B19: 0.27864443 | C19: 0.1944557 | D19: 1.4329455 | E19: 0.15260341 | F19: -0.10356255 | G19: 0.66085141
A20: HML | B20: -0.90123358 | C20: 0.20395809 | D20: -4.4187195 | E20: 1.2596996e-05 | F20: -1.3021177 | G20: -0.50034945

Sheet CAPM Regression
A1: SUMMARY OUTPUT
A3: Regression Statistics
A5: R Square | B5: 0.21947753
A6: Adjusted R Square | B6: 0.21766236
A7: Standard Error | B7: 0.11918422
A8: Observations | B8: 432
A10: ANOVA
B11: df | C11: SS | D11: MS | E11: F | F11: Significance F
A12: Regression | B12: 1 | C12: 1.7175548 | D12: 1.7175548 | E12: 120.91303 | F12: 5.9376866e-25
A13: Residual | B13: 430 | C13: 6.1080976 | D13: 0.014204878
A14: Total | B14: 431 | C14: 7.8256524
B16: Coefficients | C16: Standard Error | D16: t Stat | E16: P-value | F16: Lower 95% | G16: Upper 95%
A17: Intercept | B17: 0.0095572742 | C17: 0.0057900501 | D17: 1.6506376 | E17: 0.099542755 | F17: -0.0018230472 | G17: 0.020937596
A18: Mkt | B18: 1.42982 | C18: 0.13003038 | D18: 10.996046 | E18: 5.9376866e-25 | F18: 1.1742458 | G18: 1.6853942

Sheet F-test
A1: Full: FF3 | B1: Apple = alpha+bM*Mkt+bS*SMB+bV*HML
A2: Reduced: CAPM | B2: Apple = alpha+bM*Mkt
A4: H0: | B4: Ho: bS=bV=0
A5: Ha: | B5: Ha: At least one of bS, bV not 0
A7: n | B7: 432
A8: k | B8: 3
A9: r | B9: 2
A11: FF3:
A12: MSE | B12: 0.013451849
A13: SSE | B13: 5.7573916
A15: CAPM:
A16: SSE | B16: 6.1080976
A18: F-stat | B18: =(B16-B13)/(2*B12) -> 13.035606
A19: P-val | B19: =1-_xlfn.F.DIST(B18,2,432-(3+1),TRUE) -> 3.1947537e-06 | C19: =1-f.dist(f-stat,r,n-(k+1))
A21: Conclusion | B21: Reject null=> FF3 better model than CAPM

Sheet Price
B1: Mkt | C1: SMB | D1: HML | E1: Mkt | F1: SMB | G1: HML
A2: 9679 | B2: 0.0296 | C2: -0.023 | D2: -0.0287 | E2: 100 | F2: 100 | G2: 100 | I2: =A2 -> 9679
A3: 9710 | B3: 0.0264 | C3: -0.014 | D3: 0.0419 | E3: =E2*(1+B3) -> 102.64 | F3: =F2*(1+C3) -> 98.6 | G3: =G2*(1+D3) -> 104.19 | I3: =A1087 -> 42705
A4: 9741 | B4: 0.0036 | C4: -0.0132 | D4: 0.0001 | E4: =E3*(1+B4) -> 103.0095 | F4: =F3*(1+C4) -> 97.29848 | G4: =G3*(1+D4) -> 104.20042 | I4: =10*365 -> 3650
A5: 9771 | B5: -0.0324 | C5: 0.0004 | D5: 0.0051 | E5: =E4*(1+B5) -> 99.671996 | F5: =F4*(1+C5) -> 97.337399 | G5: =G4*(1+D5) -> 104.73184
A6: 9802 | B6: 0.0253 | C6: -0.002 | D6: -0.0035 | E6: =E5*(1+B6) -> 102.1937 | F6: =F5*(1+C6) -> 97.142725 | G6: =G5*(1+D6) -> 104.36528
A7: 9832 | B7: 0.0262 | C7: -0.0004 | D7: -0.0002 | E7: =E6*(1+B7) -> 104.87117 | F7: =F6*(1+C7) -> 97.103868 | G7: =G6*(1+D7) -> 104.34441
A8: 9863 | B8: -0.0006 | C8: -0.0056 | D8: 0.0483 | E8: =E7*(1+B8) -> 104.80825 | F8: =F7*(1+C8) -> 96.560086 | G8: =G7*(1+D8) -> 109.38424
A9: 9894 | B9: 0.0418 | C9: -0.001 | D9: 0.0317 | E9: =E8*(1+B9) -> 109.18923 | F9: =F8*(1+C9) -> 96.463526 | G9: =G8*(1+D9) -> 112.85172
A10: 9922 | B10: 0.0013 | C10: -0.016 | D10: -0.0267 | E10: =E9*(1+B10) -> 109.33118 | F10: =F9*(1+C10) -> 94.920109 | G10: =G9*(1+D10) -> 109.83858
A11: 9953 | B11: 0.0046 | C11: 0.0043 | D11: 0.006 | E11: =E10*(1+B11) -> 109.8341 | F11: =F10*(1+C11) -> 95.328266 | G11: =G10*(1+D11) -> 110.49761
A12: 9983 | B12: 0.0544 | C12: 0.0141 | D12: 0.0493 | E12: =E11*(1+B12) -> 115.80908 | F12: =F11*(1+C12) -> 96.672394 | G12: =G11*(1+D12) -> 115.94514
A13: 10014 | B13: -0.0234 | C13: 0.0047 | D13: -0.0153 | E13: =E12*(1+B13) -> 113.09915 | F13: =F12*(1+C13) -> 97.126755 | G13: =G12*(1+D13) -> 114.17118
A14: 10044 | B14: 0.0726 | C14: -0.0323 | D14: -0.0116 | E14: =E13*(1+B14) -> 121.31014 | F14: =F13*(1+C14) -> 93.98956 | G14: =G13*(1+D14) -> 112.8468
A15: 10075 | B15: 0.0197 | C15: -0.0072 | D15: -0.0369 | E15: =E14*(1+B15) -> 123.69995 | F15: =F14*(1+C15) -> 93.312836 | G15: =G14*(1+D15) -> 108.68275
A16: 10106 | B16: 0.0476 | C16: -0.0357 | D16: -0.0071 | E16: =E15*(1+B16) -> 129.58807 | F16: =F15*(1+C16) -> 89.981567 | G16: =G15*(1+D16) -> 107.9111
... A1087: 42705 | B1087: 0.0182 | C1087: 0.0008 | D1087: 0.0361 | E1087: =E1086*(1+B1087) -> 23924.747 | F1087: =F1086*(1+C1087) -> 588.84569 | G1087: =G1086*(1+D1087) -> 4203.4012
