Workbook

Sheet CB_DATA_
A1: Crystal Ball Data
A3: Workbook Variables | B3: Last Var Column | C3: 0
A4: Name:
A5: Value:
A7: Worksheet Data | B7: Last Data Column Used
B8: 3
A10: Sheet Ref
A11: =CB_DATA_!#REF! -> #REF! | B11: ='Monte Carlo Option Pricing'!#REF! -> #REF! | C11: =#REF! -> #REF!
A13: Sheet Guid
A14: b589f4d9-7186-47b6-9894-6d7c6529c355 | B14: 0b711478-2f20-436f-acd3-e092662c9760 | C14: f16dd8d6-c562-47c0-95a9-dc97a4935ca9
A16: Deleted sheet count
C17: 2
A19: Last row used
A20: 28 | B20: 37 | C20: 26
A25: Data blocks
A26: CB_Block_0 | B26: CB_Block_7.0.0.0:3
A27: 㜸〱敤㕣㕢㙣ㅣ㔷ㄹ摥㌳摥㕤敦慣敤搸㡤搳㑢㑡㘹つ愵㤴搶挱㡤搳㠶㔲㈰〴㕦㥡㑢㜱㘲㌷㜶㔲慡㠲㌶攳摤㌳昱㌴㍢㌳敥捣慣ㄳ㤷㑡慤愰愵㈰㈸㐸摣㐴愱摣㉡㠴挴ぢ㤷ㄷ敥㉦〸㈴㄰㙡〵ㄲ昰㠰挴㐳愹㉡㜸攰愲㐸扣昰㠰〴摦㜷㘶㘶㜷㘶搷㍢㜶户㉤戸挸㈷摤摦㘷捥㙤捥㌹晦昵晣晦㤹收㐴㉥㤷晢㌷ㄲ晦㌲攵㤹戹㘶㜱摤て愴㍤㌱攳搶敢戲ㅡ㔸慥攳㑦㑣㜹㥥戱㍥㘷昹㐱ㅦㅡㄴ㉢ㄶ敡晤㐲挵户ㅥ㤴愵捡㥡昴㝣㌴㉡攴㜲愵㤲慥愱㥥㠳昰㌷ㄲ㍦攸散㌵㤸〷㔸㥡㤹㥥㕦扥ㅦ愳㉥〶慥㈷昷㡤㥤〹晢ㅥ㥡㥣㥣㤸㥣戸敤攰攴㠱㠹晤晢挶㘶ㅡ昵愰攱挹㐳㡥㙣〴㥥㔱摦㌷戶搰㔸慥㕢搵㜷换昵㈵昷扣㜴づ挹攵晤户㉥ㅢ户扤㜵昲戶㠳〷捤㍢敥㜸敢㈰㕥㥤㍢㌹㌳扤攰㐹搳㝦㤹挶㉣㜰捡户捤捡慡挵戵㐹改㔹捥戹㠹㤹㘹晣㤷㤸㍦㥥㙥㥦㔸㕣㤱㌲攰慢愵㈷㥤慡昴㜵㜴ㅣ戰愷㝣扦㘱慦㜲昳㜴晢〸㤶㕡㌵晣愰㘰捦挸㝡㕤户攳㔱㑢昶㍣昶慥㙥慣て摡㡢搲昱慤挰㕡戳㠲昵愲扤㠴㠱㙡㐳昶㘹㕦㥥㌲㥣㜳昲愴㘱换㠲㝤戴㘱搵昲㘱捡昵摤ㄸて㤱㥣㤸㕡晥挴㤴㙦捦慣ㄸ㥥㥡㤱捦㡤挹㘸㝢挴慢愶摢㕥摦㝤㕣㑥㕤扤㠱㘳摥搰扤ㅤ㙡捥ㄸ㕥戳攵㜸昷㤶搱攲搳㌳戸愵㝢晢挴ㅥ愵晢摣搴扤㡦摡捡㜴㙢㌱㄰搱户摡㔱㉣㐶㉦ㄲ昴ㄳ㤴〸㠸㐰扤㑣㌰㐰㌰〸㈰昲晦〰㤷㈴㍢戲㑡慢ㄸ㕡㘵㔹慢㔴戵㑡㑤慢㐸慤㘲㙡㤵㜳㕡㘵㐵慢㔸㕡攵㝥慤㜲ㅥ㙤攲㔴敡敦搷愲昴搳慦慥㕦昸昸摡ぢ戳摦昸搱摦㝥昳慢㌳㜷摣㌰戸ぢ㡤敥㡥㈶㌵敢ㄹㄷ㐰㙡㉤㉡〶㐷昰摦收㕣〱愶㌰て㥡户㥢㤳㤳戵㠳晢㡤㕢㡤〲㤷㤵㠱晣ㄴ愱㡣愰敤愰㜹㡦攵搴摣ぢち㜷搷㑣ㅢ扥㙣㙤摣㜸㔴㌷敤㌶㥣㥡晦㥡㡤㉢ㄷ〳㈳㤰㔷户搷戵〶改攸戶〸戶㤲扥㝡摦戵敤摤捥ㄸ昵㠶㥣扡㘸㠵搵慦㙤慢戶ㄷ㍣㜷戹㝢敤ㄱ㑦㍥搰慣敤㤸搱ㄴ㠴摡㥡ㅡ扢㘳㤵㘱㔵㌸慦戱㤹ㄵ搷㤷㡥㥡摥戸扤㘰㔵捦㑢㙦㔱㔲㈴捡㥡㕡敡攵慣㡡戸㝥㝣摥挱㐲挱慤戵搷㈷㑢捤㍢㉦〶㘰㘶㔹挳㝣㔷愵ㄷ慣㉦ㄹ换㜵㜹㐵慡㐹昸㑥㔴散㑤ㄵㅦ㜱慢つ㝦挶㜵〲捦慤愷㙢愶㙡㙢〶㈴㑤敤㠴㕢㤳昹㝣㑥〹〵〸摣扥㍥㈱㜲㌷㜷攷〵㠵㠸〴㡡挹挸㔷愵挹㙥攲ㄴ㔶㠷㔵搴㈵㘹㔲㝢挳㈶㠳㜱扥㑡挶㘴㜰㘰㘲㑤搴ㅦ㝣改㥢㌶ㄹ戶㠹戹㔷戶戱愶㡤㐶慢扦㜳㑤㍡挱㌱挳愹搵愵㤷愹晤〴㘷愴て〳ㄴ㉥㐱㈰㜴摤㍤慡㍡㜱㔱慣ㄷ㉥㔸戵㘰愵戸㈲慤㜳㉢〱捡愰㈱㑢㈵㙥㙤㐷搲㉦㐳㤱扥㥢㘰ㄴ愰㕣捥ㄵ昷戰㔱戱㡣㤴㉢㔰㍡㘵昰㜲㑡㤰戳㕦㡡㤷〷捤㈳㔶㍤㤰愱㔰ㅥ㌶㠱㤱㔰慢㈹昴つ㤱㐴㍤愳ㅡ㉡㡣㍤收っ愸搴戰㥣㘰扤挵户ㅤ㕣ㄲㄲ搱㡥㉣搸㜶戲㠰愲㈰㉤て㌲㜸つ㐴搳㈶つ戲ㅢ㈷㠸㠸㙣㤰愱搹㌱㜲㥡挸搸㍥㐳㐶愰㝤㤲〸搹㝡㝦㜷ㄹ㐱㘲敦㈴㔲㜶敡捡㡦㍢搲㙣㈳㕢㍥㤴㘶㤷㘳攳昴㉢〸慥㈴戸㡡㘰㉦㠰昸ㄳ㈴ㅣ愵ㅣ昲改愴扦〶捦晡㌵〴慦〵㠰㝣搲㈹㜳㈲㔱㐵ㅢ㙡㉢㜶㈴摢つ挱㑥㔶㐶㜱㈸㡡㘸ㄹ㌷敤捣㈱㕢㈱㍡戲㍡户㠷慥捤㉢ㅤ晢挶敥戴㤹㕣づ㈹㌲愳㘹㜲慤㥢㌴㑤㙥〴㥢昶愸户慥㐳㔷㝤㡣攰㜵〰㘵晤昵㠴㔰㉥㌴㜸户㘶搱搳愴㝣㔵㤸㐵愱㌱搴愳㠲㡦〸㤹㐷㠰っ㈱搷㜱㝣搹戱愱㘹づ㡥㥢慦㝡ㅢ㝡㕦㜷晥㡥㤰摥愶㌷㜷昴づ晤㐵㉦搲㡡扥ㅥ散㈵晥搰㔵挷摣㠰㙡晤㡤〴㌷〲戴改ㄸ㥥扥㕦慣愷㐰㤹挵㜶〲㜳扢改㜵㔱㔶敥搲晡慡㔴ㅡ㘸搰㕣㌲扣㜳㌲㠰〷攳昸㉣㙣㘱搷昳㘴ㅤ㠷摡㥡㉡攰昹攵捡㜴愱㝦挴㜳㙤㤶敦搸挸晥慢㐲㌱攴昳㕡㕦慥捤㐶捥戰㌵ㄳ㍥愷〴攵㔰〷摦摡㕤㐸㈴㍡愵挹㡢晤戲捦㤷㍢㤲愴〷㐹㜲ㄳ戶㔵扦ㄹ〰㔲㐲晣慥慢㐴搹挷㘶㙦㔶捤搲ㄶ㉢㍤㝣ㄹ愷㤳㌶ㅦ㘲㠷ㅣㄹ〸ㅤ戶搳昰ㅦ昸㐳昶愲㘵㌷㠵挵㠰扤㈰扤㉡㝣ぢ㔶㕤㤶㐳户㉣㐵捤㡥慣㜸㤵挸㡡扥扥㡥昳㜴㠶㝦㑤搱㐹㥢㤴挸攴昶捣捡㡣戳㜸㡢愸攸㠶愴㔰挹㜰つ㌵㈵㄰㈹㡦㙤㜷㐴㑣て㈲收ㄶ㙣㥣扥㥦㘰㤲攰〰㐰攱㔹㐸㥡慤㙥㍣挳㘱晤㙢㜴㘹㔷㉡戹ㄲ搱愰㕣㠴捦㜴ㄵ㔶〷昹㥡户㄰摣づ搰㘶晥搰〱㤹㐱㠸ち攵〹㐲㔴㘱っ昳㡣㈵㉦㤰〶㜶㤹〸㉣捤㌴晣挰戵ㄹ㔹ㅡ㌲㘷摤㤳㙥㌰㙢昹慢㠸㐴㡤㥡㔱收㥥ㄵ改㠰扡㍣搸㍥㙤㘵敥敡慡慣改收愲摢㠰㘸㍢㍥扢ㅤづ收搸づ搸㤲敡㙣慥〹愴摥捥挷ㄸ㐲㘰愷㤵扦㤵摥搸㉤㜹扦㜹攸ㅢ㙥敤攸㤲ㄵ搴攵㠰ㄹ㌲ㅤ昳㈵ㄳ扢㠸挸㐱慤摦㕣㕡昱愴㥣ㅤ㌲㡦㝡㔶慤㙥㌹㤲挸㠰㡤挹㘰摤㥣㍣㠷㈸挱㠲换ㄸ愰敢っ㤹㑢㥥攱昸慢〶〳㡡敢扢㔳㑦㉡㉣㔲㌰愷㉤挷挷㙢ㄴㄶ㤹ㅦ㌶ㄷ㔷摣ぢ㠸搸㌶㙣攷愸戱敡㙦ぢ慣㤰攸挳愴㔰㈳㌴愱㘹愲愴㤵㝡挵てて攴戹ㅣ㜹㉦㑦愰㜰㤵㉢搰㘷㥥愱扤㘹搷㐷㌱ㅡ摡改㥣搳㈰愲㐷捤挲扥㑣㈹㑣㑥搵敦㘰㥦户〱摣㜵昴昴昱㔶㘴敥㈵挵慣ぢ昴昲㘷挸㜸㐵ㄶ捤㐰〸㝤㜴扢㐲㔲㘱ㄹ㈹〷ㅣ〸㡣昳愹㥤晣捡愶㙡㐳敡摢搵捡ㅥ㐱㈴㘹搰㥣㌳㤶㘵ㅤ昱㘸摢〸㜶㠵て㌴㘳㙤愳敥㐷㜵㌳慥㙤ㅢ㈴㉤㤲攵㘲搵㈰〵㑦㌵〲昷㠴攵攸㈶㠰愲扦愸挸戸㠸㈲攳愲㉡ㅡ㌴㑦㌱㌴愸昲ㅣ换㍤㘷㜸㔶戰㘲㕢搵ㄲㅦㄸ扥摢ㄶ㌴〹㈶愷攴㡤㔳㉣㌳挶摡慣昹搳㌰搹晣〹愰㝢〲㜲㤴㕢㐷昴㠳㜲㌵㔱挴㍦搱愳㘳〹〲㐶㜹㑡昵㜷㘰戴㠲扡ㅤ〱㤱愳搲愵昸づ挶愵㠷㔱ㄲち㈱㘲㍤㠳㐴攰ㄵ㑣〸㜹扡戸㡢收㘹挷ち㠰㍤㘲散㠸ㄵ捣晡㐰㌹〰戲敡㜸㝢戵挲㙡愲搳㜸㔳㉢㕣搷㔹㤵㔲ㄳ搷㜶搶㈷昵挶ㅢ㌶愸づ㌵㑡㐲㤱㙣搶㐸㘹㤶つ收戸㥤㔴㡤㔰㡡㍢搶㌶㈲换㙤摡摡㜷㑡㤱㤷愰㤸ㄴ捤攴昴㜷㉡㐲㐱愰㌷搲㔱昴搹㘷㤳㐷㈲㘲㐳ㅢ愰㑣㍤ㄵ㤶つ㐵㈱挱攳戸㜶㔲㤳攵攸〹晣扤㉢捡捥㌷㠲㔴㡤㜱㜱㌴慡㤹慡搷攷ㅤ㔸〹㔵挳慢㙤ㄳ㤶挶摡㐲つ愳戸戳㔷敤ㅦ㙥㙦㠲ㄱ㈳㌶㘴㔸㈴挳てっ㌶〴㜳㈵㈲慡戴捥㠶戸搵捤攲ㄲ㥦㑥㐸挳㔱ㄸ㔸っ㙡戳㜲㑤㤹㘱㉤㑢㝥㔴㜵㘸㥥ㄶ㤵ㅣ搵捤愹㘵ㅦ㉡㍤愰ㅣ㡦㜲㡡挱㜵昳ㄴ摤㔲戸挴〰戱ㅢ攵ㄶ慡〱㐲扢捤〱㜸㌲搸㍥搸挱㡥㠴愱ㄳ㕡㘷㤴愰挵っ挲㑤㉦㠲扣搳㈳㐶㈱㐸㑤㤵晥㝥㔸㝣晥㐹愶㙦ㅣ捥挵㤹㠸㠹ㄸ敥捡戰ㅥ㠰摣㘴㘴㤲㕣㌴ㅡ〷捣㐳挹愶㠴搶㘰㕣㐶ㄳ㘳㠸㈶㥦ㄷ攰ㄶて㘳㔹挳㘴㥢㍡敥戹〵ㄶ戴㘹㝤㝤㤷㜹摣愹搶ㅢ㌵愹㔴㜱㉣慢㤵㐶摥ㄶ昸㔲㔷〰㐳㙥捡搸㤷㘸㔳㡥攳㈸挵㈵ㄳ㐹扤摢摤晡㘱㜴㔷㐲づ㘳㠴慡㡦〱挸っ户㥣ち㠸㜵摣㔳愰㝤戸扢㜵㠱㐱㕤㥥㠳㐸敢㈸愲㉣㥢挳㝤扣㘶ㄴ㔹㜱㕢愲搹㥣㍢攷搲㘶㑦ㄴㅤ戳挲愲㙤㠱㈳慣㌳ㄴ㜸挵㈲㡣㤱ㅥ戹㠳㠳攴㉥㐵搱摤㑢て慢挷摣㈵愰㐲㘱㐰㌰挶换㔳㔰づ扢ち㐶愲挱慤戵慣㙥挱攸㉦㉤㙦㝤ち㐰㌰っ㑣㠳ㄶ㉤㐳〳㘷〶昹捤つ㥣敢搰㉡㈳㐲㥡っ愶㌲㐶㌹ち㠷㍤㤰〶㙥攲㐱㝡挹㠵ㄲち昶愸㡢㘱昱摤挴㜱ㅢ㐷㈰搷扢愲慤㜰挱〸㜰晤挵搹摢㔶㍣㔵慢搱摣㠵㝦㙥㕢㘰ㄵ㔷㌷㐲㜳㜴㑦摢愵㉣戵㈶摡㜷搷户㔵㐴㤷〵て捣㑥ㅣ㌳㠲敡捡㘲戰ㅥ㕥摣敡㤵㈴ち㍦㠶㍦㘲挳户搳㘶捥㍢扣㠸扡挶扤㉦㥦㜷摣ぢ㡥㥡㔷挱攷慤㍦㔰〸慥㔰昶㜳㤲攵摣扦昱㑦㈵㉤㔷昸ㄱ㐶摣捡戴㌹㐰换㐱挲㜱㔴ち愵挱ㄸ昲ㄹ㜴〲摢扤㜹㙢㠰㜴戲愷㡤㑥㤴㈰搸㈱ㄴ攷摣换㐶㈸攲㠷㐰㉢㠹㈵㍣㤲㘳捦扦づ搶ㄷ㍦㐰〹ㄱ㡥攷㐸㡣ㄴ㕥㠷㕣〶敡㤴㈰㡦慥㜸昰㐲挸晦て㤶㘲㙥摥㤰㥤晥ぢ捣㉣扥摦㡥愲㙢㠹愲敦㜵愰㐸昰ㅡ㠸攲摦扢㤰㠹㔳㠱攱搹ㄷㄵ〸攷㥡㜶づ愰慦昸㠵摦晦攱〱㜴㉥㈲づ㘵愳㈱搴㜶〳㥥㥢㈶㐲㕦㠷㠹挰攰扤㌲ㄱ㑥㈰㈳ㄸ挵て㑤㠴挸〷㌲㡦㠲捤㑤〴挶昶㌲っ挱㐴愸㌵攱搶攰〹散ち㥢晥戱㘳戸㜸㉢㝤挴昳愱戴晣ㄹ㜸愴慥散㉣㕥㌰㍣挳摥慢捡㡦㝡ㄲ捡捣㕢挲㑤㙥搵㠵㍤慥摥戰㐶㜵摡挰㔷ㄱ㝢搹㜷晣㈹㕢扢扦づ㑣㠵㈹㜴摦㡢㤲㈸扥〴㑦㠹攰戹㈱昷晥㍤摦㍣晡挷〷ㅦ㍤捣摢㙡ㄱ慤ㄶ㙥㐶扥㤷㤰㍤敤〹〴㜵ㄳㄷ㐵㉥攷㠷㌹㈷昰㠹㤲戵㕡㤷搳㠶愷慣㈰㕦户攳㙣㐸㜸〹挲っ㠹㙦㍢㤸㤸戸昷㄰㥡㤸ㄳ㙤敥㑥昵㘱㤳㜲ㄱ㑥㈴㈶慥㝣㝡㜱搸㔰㜴㔵㘴㍤㕡㥢㠵㙦㐳ㄵ扤挸㠹愴慤㐴㥥㍡㤹㠴昸㔶扢慥㍢㐸㕤ㄷㅥ㘴ㄸ昶㡦愵ㄴ攲て愴㤰攴㐱㠶ㄷ〲㤴㤴㍡㠵㑣攱ㄶ㠰㡣挸㕡㝢㠸㤷晥㠰ㅤ㈱㈰㥢㤷晥㝡晣㠸〵扢〸㉣挶扥昸㕥㑦戴戴㐵㘳搵挴㔰慤戲㘹ㄶ㤱㔱㠷ㄷㄶ㑣挶愵㈹㑢攷〰㑡户散㡥攲㑢㠶散㌰昰ㄶ㌲㜶挱愶慦慤㙣摦改㌴㜰昳〳㝡愶愸ㄴ㠶戳㥢挵㌸㤰慡ㄸ㕤搸戴ㅣㄶㄱづ㠷搹㘶愷㠱愸ち㍡换搹㡢㔳㈹㠲㝦晣㔲㠸昵攳慤愱㉦㙦慦愱㡥㜳晡戱㐰晥㘰㝦㕤㥢挱搸㜸㉢㌹〶ㄲ㜶㑢慤㑡攱昵昰搳攸挲㐵攷㠴摥捡慡㘷㜱㄰㝦㘲捥敡搳㍡昴㍦愳搷㡡戳捥戰㌷挳搸㈹晤晦ㅥㄴ㙣慡晦〵㘳㙦ち㤱昷㐶ㄹ㍥ㄴㄸ㍦搹㌴㘴挳ㅤ㠱㘷ㅢ挱ㅢ㜵㌰搶㔵㤶㈱敦㌰户㠸㡦㔷挳㙡㈵挱攱昷捡户㕦㡤㘸昶愵㙤㍢搰㔵〰㌲㌶㔴昸㍡㐴㔰搷晥㘹戹ㄵ㥦㙥㡢昷愱攳㥥ㄳ㔶搵㜳㝤搷っ挶ㄶㄱ昴ㅤ攳户㘷㈶㙣㥥㈹昱戵㜶愱㜶㍤㜶㘲昰㝤攸㜳㜲ㅥ〲晢愴っ㕥慥㔸㈴㈳ぢ㕢㡢㘴昰㍢愴㤱㐴㜸㠹摡挱扦捣扣扢㘱搴昱改敡㍣㝣㥤〱㡢戶㠵戲ぢ㍤捥敤㌷㌴戸㜵戸愳昵㙥昸㠳㘴㝤〲挱㌱戵㠴晢摥挷㝤㙤摦㠳㜴摢㘸㙤㍥㕢昶收㜳㉢ㄷ㥥〶㑥户昶㤶㌴挹昰㥤晣㈲戹慣㔷〸㜱㘹晦㌰晥㙥摤㐱换搱㐶㐱攷搱〷摤㜴㠴㡤搷攱㍥摢㐲昴晢㉣扡㡡㈹〲晣㜴㈳捡昰㐱搰换㐷㔶ㄴ㕦挲戲挸〰挸攷㡡㔵㠰敥㔴晤搴㐶㔴㍤ㄲぢ㘴挱㌳〶挹戱㉣扥㠰㠶摣慥㜰搹㘰〹㉥㕢愸戳〴昲㝡摣〳昹㥣攰㔹㐲㑤攴㜳攸搰㥣㠸㠵搲敥ㄳ昹散㐶ㄳㄱ戴〲搴㐲㤳攳㡦挴㕡㐴慦愳㕡户〹ㅣ〲ㄷ㘰㤸㘲㤱戲愶ㄸ㠶ㄶ㝥㐰捣㈰晤㍡晡晢摣攱㘷㥦㘱晡敢㘱愱〴㈱慡搲㤳愷㈰㔴㤳晦㐴㜲昲ㅥ㑡扢㑦晥㠹㡤㈶㍦㐲ㄹ挹㤹攸〱挰㔰㥦愸攰㡦㕡㑣〳ㄹ敥㈳㝦攲㉣〱㝥愹㔹㡣ㄸ㈸㔱㝤㉦㈰㠳扥摣㜰搵敡㈲㌲㜱摦〲搷㥦昱㜱㡦戲㡦㜸ㄱ㤲扥㥣㘲攸㡣㉤㠶㕡戱㘴㐷㕥搸㙤㈱ㅢ戰㈴㝥㉤摢㔵愴ㄷ㝢㡣昰㡢挷㘳挴ㅣ㍢ㄶ㝦㌹愵㐵㌱㈷㄰㐶㘸㤱㤲㝥戸㤱攲㐳㜱攳敦㝣户攵㌲㐵〵ㄲ愸㈷㙣㑣㍡㔳㡤ㅦ㡢ㅢㅦ挰㔷㔹慡㑤㡥㌷〸㤸㥥㡢ㅢ㤳ㅥ㔵攳㐷攳挶㝦㌹戰户搹㌸愶挳㜰攴〲㠹㈴挳搶㔵搶㝦攲ぢ敤㘱㌴㉦㤸搴㥦〳㘶㔸㑣挹愹㐲挷㜵愵㐱〷㜱ㄹ挴挳㌷搲㜳戸摢㠴㉢㈰㄰戲攱晦㉡攱㌸敥㍣捤ㅡ㠱㠱㑦愰搷㄰㙣昶㜴昵挴捥㐵㜳摥㐳㐱扦㜹摣挷㤹慡戶慤㐸〴收㐰㍥摣摦㑤㥣昲ㄹ愶㘳㙢㍦攲㈰㤹挶㍢㈴扤㈹てㄵ㔸挹㡢て挴㤸捤㍤搲愲ㄹ晤㘱㈰〷搲ㄱ㤰ㄹ晤ㄱ挰㌰㄰挳摢捡戹ㄱ昲扦㘲敥て戰攲㠳〴㡦〲㤴〵㤹㥤㜴㔰㝣っ㘰㌸晥ㅦ㔵㡣慤㈹㝦㠹㈶ㅥ㡣㕦㤶㈴㈳晤㜱㜶昸㌰㐰ㅦ摣户㈲㈲挲戲晥ㄱ㤴㈴㕦㑡挱愱㕥晡㔱㔶㝣㡣攰〹㠰㜲㠱㤳摤昲慥㜱㑤㍤㙡慥㡦愳慢㜸㠴〰㍦晤ㄳ㔱㠶て〵敥挳摢扢摢捡㍣ち挷ㅦ昶㈳搴㤹晡㠲晦㑥㝣㤱扦捥㐵昷攱㝦㐸㔲㔰㠶㝤㕥㝢㕢㙦㘳㤱〹㘸㤳慢摦㉡㌶晢㈵㡣挳㜵戵㈲㈸ㅣ㤱㑡愵愴ㄵ〵昱捤〵ぢㄷ㙦攰㕢づ愹ち㈱㐸〳慡挲㠹㉡づ愳㐰晦ㄴ㥢ㄲ挷挴㤳晥㘹㍥ㄱ戵㙡ㄳ㍦ㄳ㘵昸㈰㠸㔷搵晤晥愸㝢晣㐲攲㕡㔵㔸㙤㉦㈴晥㔵挵㑡昲㠵㑦㜲㌰㠵㉣㘴搲㕡㠹㐸㔳㌴昴〵㘴㠶晡㠶㌹户㝢昰搳㉥㡡敡搹摡搹戳晦ㅣ捥㡦㕤㥤㝦捦扢〶㥦㝣敥㤷捦㝦昲户敦㍤昴攷㝦㍤昵搴㙦㕦昸攴㌳晦晡昱昲愱㥦㍦晤昴捦敥晡昲㌳捦敦㌶扦愲㝤昷㥦㜳㕦㜹㘸昲晣㐳て㤸愷㙦㍥晡搰扤昷摦㍤戹㜰搹㜸㕦㕦㝦晦㡤愳扦戸敡㑤㈳㡦㍣昰㝤昱㤳摦㕦改〸戵㕣扣㈰㍤つ㉥㕢㑤攳㡢挸㘰ㅡ㥣昱㉢㍡つ㉥㔷㙤搴㜲戴㔱搳㈸㈸挱愷挱〹愸ち㈳㕤㌱昰ㅦ晤㐶戴㕡 | B27: 㜸〱捤㕢㝢㤴㈴㔵㜹敦摢㌳㕤搳户㘷㘶愷㘱㜷㐱㥥㍢挸㉥慣散㌲捣㑣㜷捦㠳㜵戳昳㘲㜶〷搸〷㍢换〲ち戴搵㕤搵㍢捤昶㘳散敥搹摤㐹づ攲〳㡤㐸攲〳ㅦ㄰搰〰㝦㘸㑥㈲㈱㐸㐴ㄳ昸㘳㍤ㅥて挶ㄸ㡦㌱㠹挷㈴ㅡ攵㈱㤲㜸㔰ㄷ㤳㜸ㄲ〵挹敦昷㔵㔵㑦㜵㜷捤㐳㈴攷㔰摢昵捤㜷敦晤敥㜷敦昷扢户慡㝥昷㔶㙤㐸㠵㐲愱㔷㜰昰㉦㡦㜶㉡攷捥㉥㔶㙢㜶戱㙦戲㕣㈸搸搹㕡扥㕣慡昶㡤㔷㉡收攲搵昹㙡慤つ〶㐶㍡㡦昲㙡㈴㕤捤晦慥ㅤ㑤ㅦ戳㉢㔵ㄸ㐵㐲愱㘸㔴㠷㔱摥攱㥥㜱㉦愱㔹㑢户㔳挰㉡愴つち㕡改㈸㠵㠶攸㡡㐱ㅣ㥡㥣搸㥦戹〵㙤捥搶捡ㄵ㝢㝢敦㘱挷昳捥㠱㠱扥㠱扥㘴㙡㘰戰慦㝦㝢敦攴㐲愱戶㔰戱㜷㤶散㠵㕡挵㉣㙣敦㍤戰㤰㈹攴戳㔷搹㡢㠷捡㐷敤搲㑥㍢搳㥦挸㤸挹㤱㠱㘴㉡㤵ㅢㅤㅤ改敡㠴攷㝤㤳ㄳ〷㉡㜶慥晡㕡昹散愲捦晤㤳ㄳ㝤晢散摡㙢攵戳ㅢ㍥攱㜲慡㕣㌴昳愵搷挸㘹㠴挸愷愶散㙣㥥㐳㘴摢㤵㝣改㐸ㅦ扡摤〰㌴㔲挳㝤攳搵敡㐲㜱㥥愳㍤㘹ㄷち〷敤㥣っ㑤㜱慡㕡㍢㘰㔶㡡搵慥㈲昱戳㉢㜶㈹㙢㔷搷ㄵ慦㌸㤱戵ぢ慥㘱㌵㕡㍣㙣㔶昶㤹㐵扢㥤㑡㑦搱ㄹ挳ㄹ换㉥搵昲戵挵敥攲戵㔵晢愰㔹㍡㘲搳㈴㔲摣扤㤰户㔴㝢㍢㝥愱戶㡢㠳㝡㈶〳㠵晥ㄴ㈷攷捣㑡㑤㔲ㅣ挲㠱㈰㕢摦㜴㤱㈸ㅡ晡挵㈹搵摢㔴㡢㘳㌶㥢㉦㕥㘵㔷㑡㜶㠱㡤㜰㈴户㌵ㄹ〹㐰捥㌸搴㤱慡㠷〳㝢搵改㕥㈲㡣㠵慤ㄸ敢㈰㌶㑤摤㘰㔷昷㤵户ㅦ愸㤴㌳㍢晢晢㔲晤〳愹挱㠱愱㠱㔴㜲㈸㌹㌰摡㍦㍣愸㝢㘰愴攳㌴㍦つ㈲扣㍢愱㑦㘷捥㝡〸搵晥〲㉥㐳扦㕢㠶ㅣ㑥㥢攱㜴㈶㥣捥㠶搳㔶㌸㙤㠷搳戹㜰晡㐸㌸㍤ㄷ㑥攷挳改㕢挲改愳戰昱㡥㘸㐷㐷搸㍤㝥㜲捦㌱㌵昴搸慤㘳㡦晣挳搳晦搶㤵戸㘳㔱昱捡㤳ぢ㜷㈳㤴㔵扢㜹〶㡣昴㤹㄰挶ㅢ㔸㙦㝡㌰愱捦㘲搶搹㄰㑡㍤㠷㝥戲慦摢敦㝥晢㘴㜷收㑢㤳㝦扥㜵昴捣挵慦㝣昸㔶挵㉢㕢ㅡ㌹ㄷ捡慡㡤㥣㐷㡦攷㐳ㄸ㥢㔸㙦㝡㌰愹㝢㤹㜵〱㠴㔲摦㜷ㅢ昹搴挱摦㝢昲㤱㕢㍥㌶昵㜰攵㡦扥ㅤ㑥晦晥ㄹ㡡㜷づ㘹攴㐲㈸慢㌶戲㤹ㅥ户㐰ㄸㄷ戱摥昴㐰㑡㕦捣慣慤㄰㑡㝤挷㙤愴晦搱敢敦晣攰攷晥㜹昷〷挷敥昹改ㅦ㍣晡㐴㕡昱捥㈴㡤㕣〲㘵搵㐶戶搱攳㜶〸攳㔲搶㥢ㅥ㐸敡㍥㘶㕤〶愱搴摦扢㡤㍣昵搲愱戱㍢㉥晣散㥥㜷㝤敦昱㈷て扦攳搴ㄷㄵ㉦㉦㘹㘴〰捡慡㡤っ搲㘳〲挲㐸戲摥昴攰愰㑥㌱㙢〸㐲愹慦戹㡤晣昸攷㘷扤㐷㥦扡攷捡昷摦㥦搸戹㐵㍤晤㌳挵㍢慢㌴㌲〲㘵搵㐶㐶改昱㜲〸㘳〷㐴㜸㝡㐴扦㤹㌹㍢㈱㤴晡戲摢挶昹昷㙤㥣㜸敥㕢㕦ㄸ扦㜷昸愲㉦ㄶ扥㜹昹戹㕤扢㔰㝣㡤㝢㍤㑣㔵捣攳戸挳㉣摤扣㜰挷收扦搵敦摡戸㘹攷㔲戹攱摣挰㠰㤵敡㌷ㄳ㘶㠴ㄷ换㕡㙦て扣愶扡㜲搷攵㑢㔶昹戸摣㉦捥㥤㌰慢昶搲敤㘳㥢㕢㌶㔱㕥㈸㔹搵㜳㠲ぢ㘷㙢㘶捤㍥扢戹㙣挹㐹㑢戵㔹摣㑤敤慡戴㜷㝥㜳戵挳㘶㘱挱ㅥ㍦㤱㜷㡡捦㙢㉡挶扤戴㥣㔹扥㜴扡㘲扦扤㕥摡搲愳㜱㍣㤲㡦㠹敦㤶㈸㥤㈲愷㕦扤㤳㜳攵慡㕤㤲敥㙤㉢ㅥ挸㘷㡦摡㤵㔹㥢て㜴摢㤲㔰㌷戲挸扤愱㙦摢㕦㐲愰戸㐵㕢㙦昴攷收慥㌸㔱戳㑢㤶㙤愱扦昳㜶愵戶㜸挸捣ㄴ散㌳ㅡ㑣㥣㌶㔱㜰㔶㐳昶㜴㌹扢㔰㥤㉣㤷㙡㤵㜲愱戱㘴摣㍡㘶攲㈱㘲敤㉤㕢㌶㥥〱敤㍣㐲㉡搴搶愶㔴攸㤲愰ㅢ㌱晤㔶晢㘴㈰㝣㐳捣晢攳ㅢㅡ愷㕤摦㐱㐴㠷㈸ち㌶攷㘴㜸昳㉡捥挴㉦摤扣㘹㜹㐳㕦㑣㘴㍦戴摥扡扣戵昴戱㍥㜲晦扦挶攱昰㝡㌷晡㉢㡥攱㐱扢挷㉣㔹〵扢戲㈲㜷㔳散㤱ㅥ㠳㠸㥣挴搵扣㉣㝡㝣㕣愸ㄳ㙡㌱㜲㍣㙦搵收㡣㌹㍢㝦㘴慥㠶㍣昰扢㘸㤴搰戶ㅣ㝡〲㔹㝡㤲㘲ち㈲ㄶぢㄹ㔷搰挸㠸改㘹㈷ㅤ攱㌵晡㥢㍦挲挹㈰戵㔰〶昰扢㙡愴㌸㕤慥㔴摢摡㠲愲摣㘳㔶攷㙡㥣㥥㉢ㄶ昲㘱慤㜷㔳散㠱㠸昰昹扢㉡㐳攰㥤愸㥤㐴愸扢㌸㘵攷㑣搰㑦戹扡㤵ㄹ㈹㍡㡣㘶捡慥㘶㌵愹捦っ慥㤵ㄳ〶㌴㕣晣㕤㐵捥㝥晢㐴㙤捡慣㤹ㅤ㐵㤰㈸㡣㤲㠶搱㌶愹攵㘸慣搹㉤㜹㕥敤㤸㥢㠲㠷戸愸㍥㉦㥤㤲攱㜸挲㠵㠳敢㈵搴收捡㤵㠳㐰摦㐹㜳㡣收㠹摥㐸㠶挰搱慣摤㜶改搰攲扣㕤愵㜹搴㔸ㄱ捡收换㡢捥昶㘷㌳搷搶昲㠵㙡ㅦ㝡扡扢㔲㕥㤸㝦㉤晤搰㤷㥥㠱昰㡥挸ㄷ㌰㡢搷ㅥㄳ搷㌶ㅤ挷㌸㌶改㜴㈸㑡㙦捣㌱慥㠲〸㑦㈷戴㑣㔸攸摥愱昷㐲㡢㘹ㄶ㉦㔳ㄶ㈱㜳晢㑤戸㈳㈹㔲㔷ㄱ㈰ㅤ慡搸挲㠶愳㤲〰攰摤挵敢捡㤵愳㤹㜲昹㈸愷搴㍡㐹㔵攷㙣扢㐶㠶搹改㌲㙡㘱捥㑡戵戵㌵昰㐴ㅦㄵ攵ち挲戸〶愲㝢扣㔰攸昵㍣㔶㡤㠳挸㙡〳搷㌵㘶愱㙣摤换㜹搹㍢㘹㔶ち攵摥晤挲昸㝢て㔴昲㔹㍣户㝢㉦敤挵散慡昵づ昶㥤㈸㔴㑦愸㠷摣㐷晥㠹つ㙦敦散扤慣㍣昹搰㍦㍥㜵㔷㙥晢摤㙦㔳㥦㜵ぢ㕡㠸㈶愹愳戰摣挳㔰搴㥦挲散㈴㑥攸㡤㠷扥ㅥ㘹㝤〳挵㕢㈰㜰扢㄰㠴㜱户戸搱㐹㉡搲㑦摥㌱昴㑤ㄴ㌷㐳㈸㜲㔰攱换㘹㈸摥愱ㅥ㠰㝦㑥〳づ愵㈶㕦ㄵ㑦ㅢ扣㜲㘶㘴㈱㘲㉢㤵㈹㌲㕢㡥愵㈶㜶㥡㘸㘹㈲愵㍥〱挷攴扡㉤〰㝣摣㉤㘸㈱挱愴戵〲㐰㠱昵㍦ち戳㤳㌸愱㌷ㅥ扡㠴戴㉥㔳捣㐳昸〰愸㌸㐹㐵㙡㉣〰㔴㘹挴扢慦敡㠵㄰〰ㄶ愰㜸㠷晡〰晣搷〱搸㠴㙣〱㠰㐴摦㍢昴㈲戴㤸㕥愱㑣㕤〰㡢㈰〰摥〹攷㠱〰摣收ㄶ戴㄰㜴㔲㙥〱攰摤㔰搴慤㌰㍢㠹ㄳ㝡攳愱㙦㐷㕡扦㤷攲㝤㄰㍥〰摥敦㈴搵ㄶ晣ㄵ〰敥愰搱〷㈰ㄴ戹扢〰㜰㈷ㄴ敦㔰㌵昸慦〳㐰㥥㉦〰昰昲昶づ晤㈱㘸㌱扤㐲㤹攲㡡㈰〸㠰㕢攰㍣㄰㠰扣㕢搰戲㜸搸〶㑦〲挰㍤㔰搴ㄱ㤸㥤挴〹扤昱搰昷㈲慤敦愳昸㈴㠴て㠰㍦㜶㤲㙡㍢晥ち〰昷搳攸〱〸挵㜵㠵〰昰㈰ㄴ敦㔰㌷挳㝦ㅤ〰慥㐱〴㠰㑥慦㥣ㄹ㥦㠶㠸改ㄵ捡搴㘵戰〸〲攰㄰㥣〷〲㌰敢ㄶ戴㉣㙣〶攱㐹〰㜸ㄸ㡡扡〶㘶㈷㜱㐲㙦㍣昴㈳㐸敢捦㔱㍣ち攱〳攰昳㑥㔲㈵昰㔷〰㜸㡣㐶㕦㠰㔰㕣昳〸〰㕦㠴攲ㅤ㙡て晣搷〱㐸㈲㕢〰㘰㌴摥愱㥦㠰ㄶ搳㉢㤴㈹慥愴㠲〰昸ㅤ㌸て〴㘰愷㕢搰戲攸攲㌲㑡〰昸ちㄴ戵〳㘶㈷㜱㐲㙦㍣昴㤳㐸敢慦㔲晣つ㠴て㠰扦㜵㤲㡡㑢㌱〱攰敢㌴晡㍢〸挵〵㤹〰昰つ㈸摥愱〶攱扦づ〰搷㙥〲〰㥦㌶摥愱扦〵㉤愶㔷㈸㔳㕣收〵〱戰ㄵ捥〳〱戸搸㉤㘸㕥ㄱ㐶挶攰改㌷㘴昲㍡㜷㌸㙦ㅦ㈷昵㔸㤷挳㜶搱攴㐲戵㔶ㄶ㥥搴㥤㥢㉡敦㉢搷愶昲搵昹㠲戹戸㍥攷㉡搷捤搹㈵慣㘲㉡㔸捣㌴攵㤵攷攷㙤㑢攷㘶换ぢ㤵慣㍤㌳昵㝡㔸攵〰づっ㥤㉣㜰挲ち挷慢㈳敥㜰愱㌰㑢㜰㠴㈲愴摢捤晣㑢㌶慤㝣㙢㈵㔱㌹㝤㝡㤶㄰㍤㤴慦ㄵ散捥㥣慣㔳㐴㡦收㠰㈲㤶㠶㔶㐷敥搰ㅣ㐸挹㔴㜷㙥㜷㈵㙦ㄵ昲㈵㥢㠳戱挱㌱扤摡㍥㠲㘵攰㠱㜲㌵捦晤挱敥摣愱㡡㔹慡捥㤳搱㘶ㄷ㑦㙦㐸〹昵㡤攴㈶昲愵㉡㥡㤱㔱愴摥㤳㥢㥤㉢ㅦ挷㠶昲㐲戱戴摢㥣慦扥㉥㐶㠵㤴挱㌹㘴㘸㔴㔸㠵挳㉡ㅡ㡥扥摡昱㌱晥ㄵ摥搶㘳て昰搲㝤攵㕥捣搳㕡㈵㥦㔹㈰㘰搲〸㙦㡢敤ㄴ㌲㠶愱〸ㄷ㑢捤摣搵㌷㠴㑤ぢ㑦昶戵㘱ぢ㌶㜰つ㔴摦愵攷捤㕦㝦㤷㜵扥〷㜱攵敥㙢㘷㤶戶㘴㝥慢捤昴〸㤷㜷㙢㕥〱㤳㠵慣㜳愶㄰㔷挵㥣㔱戸㌲㌱ㄳ㤸㙡㥥㤶戱㥣搸㜰㠶慥㕢㔲愷㐱㔶扢㜲㔷㥢ㄹ扢㠰戵㕦搱慣慤㜳ㄲ㕣㠴ㄷ捤㐲搵㉤㥢㉣ㄷ㡢㈶愷ㅣ户㡣㘷戳㘶挱㡥收挶ㄷ㙡攵扤昹㤲捥㐱挸扣㜴戳捣ㄳ挸㌲㑦㌸慢戴摣㐱敥〹㠹㑥㕦攵㈳㘶㈵㕦㥢㉢收戳㔱㈶戸㙦昳扡㤸慢戸昸摢〱愶㜷㜸昷㤲收㘵㥦戳昸挲㜰昷㘱愷㠴搰㜱昸㌱愳挳捡挰㍦昵㉡户っ㜰攳㤱〷㡡晥㍥扣㐵戸㈴挷㑤捣改捡㈹敦搵搱愹摢㤰㈳㌷㈷㌵㑤〳㥣晡〷慥挲㐴㍢ㄷ摤㉢慥㈷㍢㘰㄰扢扡㙣㕡搳㘶ㄶ慦㝦㍡摣㤷㍦㔱っ㉤㙦㌵㤵㌸㔷昸㤳搸㌴挲㘶搴戱扣㘵㔷愲捣㤸挵㉢愸㜶敥つㄸ捥ㄸ㘲愱搳ㄶ㡡㐴㍡愳㐱㙤捤㜸扥㌶扢㡢㈶晦㉢慥㤹ㄶ晦㉦㕣㌳戲㡢㝤㡦挵戸㠷慡㥦愲㜸ㅡ㐲㜱敦㠰昱㌴ㄹ㍣㐳㠳㘷㈱㈲㕣愵㌶㡦㑤攳㘲ㅢ㑢㜲㙥捥戶换㙢ㄳ㙥〳㐴戱㘴㤶晤㠳㠸〴搲改㕢昷ㅢ捥㤲㍦㡡㍡搰㡡㔵㘳ㄶ戳摣戶㘲捥晤㤵晢ぢㅣ㡥㜰戸ㅤ㐳㙤㌴敦㤹戶㌴㑢ㄷ戳戶㙣〸㈸戲㘴攳㠷㄰㌱㕥㉣昰㥦挶㑢㠹㉢㤰挶愳扤捥㔸㘲㌱晤㈳㘴㠵㘲㙡㉦愴ㄷ㌷搹㜴㉣㜶ㅡ愴㝥㥥攲摦㈱ㄴ㤷㝤㘳㌸㌹㐳㘴㌶挴㐲㡡㙢㍤㍥慦㐲挶㝦㐰慣昵晥愸戸㍡攴㍤㔲晦ㄸ㐲扤〵㠲户㥥晡㔴㝣〱晡敡㔳昱㐶搶挰愹㝦攲㉡㑣㈸慥㈹扤㌰㤸攱㡥敦㑦愱敡㥦搱㠰敢捤〰㠳㔳㌴㜸㤱〶㘹〸㡥戱昱㜳㠸㑥て㍢扥㈹〹〰敦扦㘰〳昰戲㤰㥥㔳づ㝤㉣搶〱愹晦㥢攲ㄷ㄰慡〰㌱㠶ㄳ㙡ㅤ㍣㍥㍢〴㍣㑤昰攴㘸㝡㤰愸㌲㜲〵愸晦㠱愲收㈱ㅡ㠰晡㈵㌲㔶〷慡挲扡㌸昵慦㕣㐵㠰慡㈲攱㜵搹〷搴㑢㌴㝣㤹㠶戵㘰㠳㕦搳㠰昳㐷㉤㐰〸㔰昴敥〳㉡ㄹ〴㔴㔸摡㔰㕣慥㝡慤晡㠰㙡㐳愹收ぢ㙡昵㙥ㄸ㡣攱㠴㕡〷敡㜶愴㔶〱敡扤㌰ㄱ愰っ㍡㜹ㅦ㔲つ㐰㐵㤱扢㍡㔰敦㘷慢㌸戵愶ㄳ㌷愱敥㠰攲㜵㤹㤹敥㡣㡡㐱搷㥤㌴攴晡㌵挰愰㡢〶摤㌴戸ㄳ〶〲搴㍡愴㤶㠰挲ㅢ慢㠰ㄹㄵ㠷つ㘶搴㠷㝣㑥㝤㐰㥤㐶愷愷搳㈹㤷愰㘳㌸愱搶㠱扡ㄷ愹㔵㠰扡て㈶〲搴〶㍡昹㈴㔲つ㐰㥤㠱摣搵㠱攲㌲ㄶ㠶㜸㤳㐸㈷㙥㐲摤て㈵〰㠷㌷挰㐰㥦㐵挳〷㠲つ捥愶挱㌹㌴㜸㄰〶〲搴戹㐸昹㠰ち㥣㔱攷挳〶㐰㝤摡攷搴〷搴㈶㤴敡㕥〸昵㌰っ挶㜰㐲慤〳昵〸㔲慢〰挵搵慢〰昵㐶㍡㜹ㄴ愹〶愰㌶㈳㜷㜵愰㍥捦㔶㜱敡㉤㜴攲㈶搴㘳㔰〲㠰扡〸〶晡㘲ㅡ㜲㍤ㅣ㘰戰㤵〶㙦愲〱㤷挸〲搴㈵㐸㉤〱㠵㌷㠷〱㌳㙡㍢㙣〰搴ㄳ㍥愷㍥愰㉥愵搳㍥㍡晤ちっ挶㜰㐲慤〳昵㈴㔲〲㤴㜱ㄹ㑣搶㝣㠳晦㉡慡〹㜸晤㜴捣㈵㜰〳㜸㠳挸㕤ㅤ㍣㉥㤵㘱㠸㜷愳㜴攲㈶ㄴ搷换〱搸㈴㘱愰㔳㌴攴㕡㍡挰㘰㠸〶挳㌴攰昲㕡挰ㅢ㐱慡晥㜰挴ㅢ搱〰散㉥㠷〹戰攳ち摢昳改挳㙥〷㝤扥㤹㍥挹挷㘹慡㜷㌲〵愵つ㘷㠴㥣慡㤹㉡戴搰戸㜶ㄸ挵㜲㈴㜴戳戵挵〲㐸㌴㔵㔲〷㐷㈳〹㜲㡡㐱㘸捡ㄵ摣㈴摢㥢㕦敥搴敢敥㠲慢捥つ㑤㉦捥愴ㅡ㑢挸ㄷ㈳㕦晥㜵敢换愱㝡㝤㜶㝣㘹ㄷ㥤㜵㜸ㄸ㈴㑡ㅢ昶收戳㤵㜲戵㥣慢昵捥㘲㠱搸换ㄷ㤱戹㔰愸㝦㍣昲㈵㜸っ㙣㤳㠱戵㤷昸㕤挸㌱㙥捣挷㡥㤶捡挷㑢搲㥢㐸㤵敦㘳搹㥡敥攸㘰㌳㌱㥣㜲㕣〸昰攲㍦㠰捡捡㝡ㅣ㈶摤㙤昱愷愰搳搸㤸㠰摣㌲㌹㌱㜹㌰㍤㥡㐹㡥收戲㐳㠹攴㔰挲㑡㕡愳㈳㈳愶㌹㙣㘶㠷㉣㍢㤳㑤㔹愶㍤ㄸ㝦摡慤愳㈷㔱㈷晥㡣㤷㥡㘲敡㔹㉦挵戲挸㡦㤰㕡㉢戱㘲慦㔴㐶㘵㤵愵散昶㡥づ戵愵改㝤㘱ぢ㈱慢扦㜰㌱っ昲戱挸攳〰㙢㙤㤵搰㌵摦㔸戰㌲昷捤昵㙥攴敢㍤㄰戱昸昳㐸戳㐳挶っ㤲愷㑦㑥愴昱ㄶ挰㝢㉦挰昹㘳㕣㠹晣㉥攴ぢ改挴㔷㍦㔵攳㉡攴慣㐳㡥㙦〵㙡㕣㡤扣搳㤰搷昸㘵㑦㥣㥣㑦〶㘱㤶捤㜲慦挱昹挶攵〰捣㤵昰㌶㘶㕤挳ㄴㄴ㌹㕦㠰挲㈹慦ㅥ㐶㤴㥣㘸搰㐳㕡㘸㌶㈶㡡㝡〸㌹㥣㉣㡤㠳㑤昶㈶敤㕣ぢㅦㄸ㙣㌲㌵㝡㌳づ㐳㍡㠳㥤ㅣ㑥㤸戹㐴㘶挸捣㈴㔲㐹㍢㌱㌲㤲ㅢ戲㐷〷晡㌳㈳愹㘱㙢㈰㌹㤸㡣ぢ戱㘳㕢搷愱㑥㥣㔴㡥ㅥ昴昵㑣〹愷昳捡ㄴ昹ㅡ〷㕣㝤〶ㅤ攱㘰〸愸㙦㠵愱扥ㄱ㈲ㄶ㈷㘵ㄳ㔰㙦㐲戲ㄹ慡㥢㤱搷〸㘸ㅡ㌹慤攰ㄹ㙦㐳㜶挰㠸挴挹〵㈵搸㌳愰挸㜷㌸㍡ぢ㔳攷㡤㠴㜰㍣收昳捡挰捦㌹挹昱〴搴㝢搱摢㔶㔰敦㐱㙥㉢愸㘴㝡搲㑥ㅥ㝥〰㉡㔹ㅤ㍤ㅡ户㐰㍡愰㘶敤㔴㈶㘹昵㕢〹㝢㌴㤵ㅣㅤ〶慡搹挱㤱㤴㌵㘰㔹㤶㙤摢㠹㑣㕣㐸㈰敡攸愳愸ㄳ晦戵敢挱〱㤵㈳㑢㝦㔲㠶ㄵ愸ぢ敡㕤㝥㔰换挸搵昳㄰戱㌸改㥤㜴㠷愰㙡愲愸〹㥣㝥ㅢ㐴ㅣ㜷㌴愷昰㍣㍡㍣㥦攲㌸ぢ㌹敦戰戰㜵ㅢ㕡㜴ㄵ晣〹㈹搲㌹挱攴㝤㠱㤸摣ㅥ㠸〹㐹㥤㜴攲㔶㈸挰㠴〴づ扦㤰昱づ㐸〷㤳晥愴㌵㤸㑢㡥㥡昶㜰戶㍦㌹㥡ㅤㄸㅤㅡㄹ戶㉣ㄳ㔳慤㝦㈸㘷㔹〳㜱攱㝢散攱㙤愸ㄳ㈷挳愳〷〷ㄳ愱㝡㕥㤹㈲㡤㤳㠹昶づ㍦㈶敦㐱慥扥ㅤ㈲ㄶ㈷㤳㕢ㄶㄳ㌲㍣㈹摣㑣㠷㕢㈸敥㘴㔵挱㐴㤸ㅢ戳晥㄰㔹昸㌹㈷㤹㥢㘰㔲〹挴㘴㍥㄰㤳㌳㔱㐹摡昹〸ㄴ㘰㐲慥㠶㕦挸戸ぢ搲挱㘴㈰㤷敢ㅦㅤ敡㑦㘵㜲戶㤵ㅣㄸ㐹㤹〹慢㝦㌰㘳㈷㑣㕣㤰㈹㉢㘵挷㠵摡戱㍢ㅦ㐵㥤㌸挹ㅣ㍤㌸㤸〸慢昳捡ㄴㄹ㥢㘰㜲㡢ㅦ㤳扢㤱慢敦㠱㠸挵㌷㐱㉥㡢㐹慦㔷戸㡤づ户㔳摣捦慡㠲㠹㤰㌴㘶㍤㠸㉣晣㥣㜳㌳㌴挱攴收㐰㑣㙥っ挴㠴㔴㑤㍡昱㘹㈸挰㠴戴っ扦㤰昱ㄹ㐸〷ㄳ戳㍦㥢㑤㈶㌲挳㠹㙣㈶㥢捣㡥㡣㡥㕡㔹ㄳ㑦愰㤱㔴㌶㘱攷㠶㠷散戸戰㌸㜶攷㑦㔰㈷㑥摥㐶てづ㈶㐲攰扣㌲㐵㜲㈶㤸ㅣ昶㘳昲㔹攴敡㠷㈰㘲㜱昲戳㘵㌱㈱㙦㤳㐲㉥ㅣ攵ㅢ㌲晤㤷慣㉡㤸〸昷㘲晥㘳挸挲捦㌹挹扤〴㤳㉢〳㌱搹ㄳ㠸〹ㄹ㤸戴昳搷㔰㠰〹搹ㄶ㝥㈱攳㜱㐸〷㤳㐴㌲㥢ㄸ捤㘰㐶㔸愳搹愴㙤づ㡣㘴ㄲ㤹㐱㍢㙢愵㤲戹攱㤱挱搴㜰㕣挸ㄹ扢昳〴敡挴㐹挷攸挱挱㘴搸㑢戱㑣㤱㜴〹㈶ㄳ㝥㑣㑥㈲㔷㝦〹㈲ㄶ摦〱戹㉣㈶攴㘳㔲挸㜷㌵昲挹㥢晥㉡慢ㄲ㤳㌸改㤹ㄴ㝥つ㑡㜷㕢㠴っ㘳㐷搳㐳㍣㜸愷㜶㕢昳昷㔲㔷攰晢愷挵㌰㥣戶㘱㡢捡搹搸㘹て㕦晥敡㝣㤱㈶㜰㕦㤷㘷㘴〸㔱晦ㄶ㝥㄰㤱㡦㌸搰攳㈶㥣晡敢挸㡦㤰昰昴〷㜵㜱愵㙦㙤つ㔴摦㔸㥣愹㠲㐱攰㥢敤㐳攵昱晡〷扦愷㜹捣㘲㥢昷ㄹ捦㤶愵㥣昱㑣ㄵ敦〴㙡戶㔷㙤㝦愵㕥て㥦挵㠰㄰愲㘰ㅢ㍦晡搹戸㤴昲㙤㡣㥤戳㤴㍢㔳慡攲〳㌵摢昲㍣㔶戱㐰㘹て户愹挰扤㙡昷搳㕥敥㠴搱ㅢ㍥㔱㥢戱扡ㄱ挱㌹〱摢㠲ㄳ昹㥡㙣慢㤳㤱㈸㑤㜶㘹㝣㠳㌰敤摣㍣戹㜹㈸㌲㠸㜱㔸㜳ㄳ愸收㐳㥤つ㜲㙡挴昴㌷㔱愰挸㍡改㡤㔹㍤㘴㜰㥣㠲㠴搵㜷㥣摡攵㈶挶㥣扦搱戱ㅥ搲㍣戱扣㐹㕤㜰搷㜸攴愹摢敥㝦昱捦㜶㙣昹搴㕦扣攲晥扤㉤昵搲㠶㥥攳㕤㑦敤㔲㈴㘵敢㔱慦昹㈳㠷㑢搱㘸攰晢扤敤㙥㐱昳㔷ㅥ㜱ㄲ㍡戹㐰扥つ愵扢㑤㤱㤵昱㈲㔱㤷愰〶㘷愶㑣愶敦㌰攷㍡〸㑥㈸愵㐹搵㡣㝦㠱㜰㤰㔳ㄷ挱捥㡢㌷愶扦㑢ㅢ㜲㌱㉦慢攷慤㐸慣つ〲㤲戲戵㐱㤰㠵㘵㄰〴ㄷ戸㤱戶㝣攷搱敢ㄶ㌴㝦攷ㄱ㈷晤ㄲ〸㥥㠶〲〸挸愱〴㠲昳㔱愳づ挱戳挸㔵㐷㈱ㅣ〸㐸慣㡣攷㈰㕣〸捥㙥㠰攰㜹ㄴ昴㤰㄰慤㉤㙡戲愶戵㐵㝤ㅣ㤶㐱㔱㙦㕣㉥敡つ㙥㐱昳挷ㅤ㜱ㄲ㉣㠹晡㈷㔰㄰㌵㔹㤲㐴㝤扡㍦敡㥦㈱㔷㤱晣㌸㔱㤳㍡ㄹ㉦㐲戸㔱慦㙢㠸晡㍦㔱搰昳ㅥ㠸戵㐵㑤㕥戴戶愸挹㠵㠲愲搶换㐵ㅤ㜵ぢ㥡扦攸㠸㤳㐲㐹搴晦ぢ〵㔱㤳〷㐹搴㠶㍦敡㕦㈱㔷㤱摥㌸㔱㤳ㅣㄹ㉦㐳戸㔱㠷ㅢ愲㝥〵〵㍤㜷㐳慣㉤㙡㌲㥦戵㐵㑤戶ㄳㄴ昵换㉦㉦㜳㤱扦攴ㄶ㌴㝦挶ㄱ㝦搰㙤㔳㜳ㄳ〶㔱㤳改㐸搴扦㐴㡤晡っ敦㐰愱㈲㠱㜱愲㈶晤㌱昸㝦㠰摣愸㝦〱㕢敦㡡㡥改㑥ㄴ昴㤰戶慣㉤㙡㜲㥢戵㐵㑤㍥ㄳㄴ昵㡢换㐵㝤捡㉤㘸晥㜶㈳㑥ㅡ挴㌶昵㘹㑥搴攴㌲ㄲ昵㑦晤㔱慦㘷搴㑦愰挸㠹㥡〴挷搸戸ㄴ昵㡦ㅢ愲㍥㤳㔱㤳㤸慣㉤㙡戲㤷戵㐵㑤挶ㄲㄴ昵㜳换㐵晤㐳户愰攵㠳つㄲ㥤搵㍥搸昰㝤敤摥〳㠰㈲㌹㙥ㅦ㜴收㥣㙣㜲ㄳ㙣㐰攵ぢ〵搹扢改挲晢搵ち扥㌷扦ㅡ㥦ㄱ攰慤㉡晥扦㡤扢㜱㠰捦ぢ昸扡捡㝢㠳愷㈵挵捡㐶㙥㝦〵慦昴㍡㜲㌳㔵㝣晥㘱㐵昱扤㙣慤㠶晦愳昳㝡㜸昹㡡摤戴㜶㡣㈱づ攷戵㙢攰㐶ㄶ㥦捣㠱㐴挰昹㈲㘳〹て敦㌳昲㌰㕦换扥扡㉦㐱㡣昳搰ㅤ㙦㥦搵昲㝤㘸㄰㔶捦㘰㠸㥤愵晥㍢㐳慦㐸㥦挱㌱昴㈶搸ㅢ扤㄰晣〸㔴㈸㌵㐴㑣㕦㠰ㅣ搹搰ㄴㄱ㡡㤰晥㌵〷挷慤挵㘹搸㠵㥡㍥〶敦散昴戸〸㕢㘹㈷㠵㔹㠹㍤㜱慢戳愳㤸㌶昹摦〸愳挵㜴挱㉥ㅤ愹捤搵晦敢㘰㠷㝣㕡慥㉦㐴㍢㙣㡡㠷㈲户攰扣㌴㌶㈳㉢㌸搸敦〶〶㝢ㄱ散㌵㠳㕤ち㜴㉢戳戸㜳敢〴慡㐸㑤ㄸ慣㜷㈸搲て㠶愰㉦㠱㈵慢昲㔰㑦㈳㠷㕤搰散㐲㔸晤㔳㘰㜳㤷搲㜷㘳㜳㤷㌱换搷摣戳昰搱搰ㅣㅦ昵搲摣〰ㅤ㍢慤㠵ㄴㅦ慡扥收扥ㄱ搸㕣戲戵戹愱愶收昸晣㙤㘸㡥捦㔸㘹㙥挴摦ㅣ㥦㘶扥收㥥っ㙣㙥㐷㙢㜳㍢㥢㥡攳㠳慦愱㌹㍥摣愴戹㕤晥收昸ㄸ昱㌵㜷㌲戰戹㠹搶收愶㥡㥡攳ㄳ愷愱㌹㍥㔵愴㌹㑥㔳晣攴㔰扣㝦戳㌹㘳㌷㤴攰改昳㔷㠱㕤㤸㠱㝤搳㜸㕥挵㉣摦㜸昲昶摦搰〵摥攲愵ぢ㝢愱攰㈷㐷㠴㔷摤㥡㙦〹攸㙡㘸㍤㙥㥥敥晦戸攵㠷㈷摢ち晣晦戶㐱摦㌱㌴㝥攷戳て敤㈸㕥换昴愱昷扢ちㄳ㍤扣愲愸㐴㜱㠶ㄴ慦っ㜶㑡ㅦ㘰㌶㉦ち愹㜱㡤慢㐸つ㕥〰㑢㌵㌸戹愵挶㐱㘶㜳㕥㑢㡤㔹㔷㤱ㅡ㥣挳㑢㌵㌸㍦愵挶㈱㘶㜳㙡㑡㡤㙢㕤㐵㙡㜰ㅡ㉥搵攰ㄴ㤳ㅡ㠷㤹捤搹㈵㌵慥㜳ㄵ愹戱换㑤㌸㜱㜰㤶㐸㡤敢㤹捤〹㈲㌵㙥㜰ㄵ愹挱挹㐰挵愹挱㐱㤵ㅡ㙦㘱㌶挷㔳㙡扣搵㔵愴〶挷㙥愹㠶㠰㡡晡晡㐶㘴㝢㐷㥣攰ち㍤戸〹ち㐸㤱〰㐹慢㥢晤㔶〴㔴慣搲㡥㤵㠰搷㘲㐵㄰挵捡㜴慣〴戰ㄶ㉢〲㈷㔶㔹挷㑡㐰㙡戱㈲㔸㘲㘵㍢㔶〲㑣㡢ㄵ〱ㄲ慢㈳㡥㤵㠰搱㘲㐵㔰挴㉡㉦㔶㜱て〰挵㤸㠵ぢ㝤〲ㄷづㄹ攰〴敡㘲㥢㌵敥〵慦ㄸ慦㔸㝣扣搱㐲㌱㐴㈹昸㔸㔳〱愳㤲㠲㡦㌶ㄵ㌰㄰㈹戸慢愹㠰㝤㤷㠲㡦㌴ㄵ戰扢㔲昰攱挶㠲捥晦〳㐸㐴攳㈱
A28: Decisioneering:7.0.0.0 | B28: Decisioneering:7.0.0.0
B29: CB_Block_0
B30: 㜸〱敤㕣㕢㙣ㅣ搷㜹摥㌳㝢攱捥㤲ㄴ㘹㔱㤶㉣挷戱㤹㌸㡥ㅤ㔳㘵㐴搹慡攳愴慡挲㡢㈸挹搶㠵ㄶ㈹㌹㑥搳慣㠶扢㌳攴㔸㍢戳搴捣㉣㈵摡㑡散〲つ搰㈲ㄷ戴㑥㄰挰戱ㅤ攷づ〴㐱㔲昴挵㑤搰扣ㄴ㈸搰愲㜰㠰㍣愴て〵晡攰〶㐵晢㤰愰㔰搱ㄷ㍦〴㜰扥敦㥦㤹摤搹㕤敥㤰㕥摢㈹ㅤ㜰㈸晥㍣㜳敥攷晣搷昳晦㘷㤴㔱㤹㑣收つ㍣晣换㈷挷挴ㅤ㡢ㅢ㝥㘰㍡㤳戳昵㕡捤慣〴㜶摤昵㈷愷㍤捦搸㌸㘳晢㐱ㄶㄵち㘵ㅢ攵㝥扥散摢㑦㤹挵昲扡改昹愸㤴捦㘴㡡㐵㕤㐳㌹㍢攱敦㘸晣愲戳搵㔰づ㘰㘹㜶收晣昲㤳攸㜵㌱愸㝢收愱昱㑢㘱摢㘳㔳㔳㤳㔳㤳てㅥ㥤㍡㌲㜹昸搰昸㙣愳ㄶ㌴㍣昳㤸㙢㌶〲捦愸ㅤㅡ㕦㘸㉣搷散捡愳收挶㔲晤㡡改ㅥ㌳㤷て㍦戰㙣㍣昸㤱愹〷㡦ㅥ戵ㅥ㝥昸㈳㐳ㄸ㍡㜳㙥㜶㘶挱㌳㉤晦㙤敡㌳捦㈹㍦㌸㘷㔶㙣慥捤㌴㍤摢㕤㤹㥣㥤挱扦挴晣昱昶搰攴攲慡㘹〶ㅣ摡昴㑣户㘲晡㍡ㅡづ㍡搳扥摦㜰搶戸㜹扡㌳㡦愵㔶っ㍦挸㍢戳㘶慤愶㍢㜱慦㐵攷㍣昶慥㘶㙣っ㌹㡢愶敢摢㠱扤㙥〷ㅢ〵㘷〹ㅤ㔵㠷㥤㡢扥㜹挱㜰㔷捣㜳㠶㘳收㥤㤳つ扢㥡ぢ㥦㑣昶摥戸㡢攴挴㘴昹㤳搳扥㌳扢㙡㜸㌲㈳㥦ㅢ㤳㔲㜷摥慢戴搷扤扢㜷扦㥣扡㡣挰㍥敦改㕤て㈵㤷っ慦㔹㜳愲㜷捤㘸昱敤㌳昸㜰敦晡㠹㍤㙡㙦昳愱摥㙤㘴㉢摢㙢慢挱㠸扥㘵㐷戱ㄸ扤㐰㌰㐰㔰㈴㈰〲昵ㄲ挱㈰挱㄰㠰捡晤ㅦ戸㈴搹㤰㐵㕡搹搰捡换㕡戹愲㤵慢㕡搹搴捡㤶㔶㕥搱捡慢㕡搹搶捡㑦㙡攵㉢愸ㄳ㍦挵㠱〱㉤㝡昶㥣扣攳㜳㍦扦昱扦㈷㥥晢搵搱㐷㕥戸昲攵㕦て敤㐱愵挷愲㐹捤㜹挶㌵㤰㕡㡢㡡挱ㄱ晣搹㥡㉢挰ㄴ搶㔱敢㈱㙢㙡慡㝡昴戰昱㠰㤱攷戲㔲㤰摦㐶㈸愳愸㍢㘴㍤㙥扢搵晡㌵挱摤ㅤ㌳㠶㙦戶㌶㙥㈲㉡㥢愹㌷摣慡晦㥥捤ぢㄷ〳㈳㌰㙦敦㉣㙢㜵搲搵㙣ㄱ㙣㘵晡㌲摥㥤㥤捤㉥ㄹ戵㠶㌹㝤摤づ㡢摦摢㔱散㉣㜸昵攵摥愵昳㥥㜹戵㔹摡㌵愳㘹〸戵㜵改扢㙢㤵㘱㔱㌸慦昱搹搵扡㙦扡㌲扤〹㘷挱慥㕣㌱扤㐵㤳㈲搱慣捡㔲㙦㘵㔱挴昵ㄳ攷㕤㉣ㄴ摣㕡㝤㝦㌲搷㍡㜱㍤〰㌳㥢㔵捣㜷捤昴㠲㡤㈵㘳戹㘶敥㙦慢ㄲ㡥㠹㠲㠳㙤搹昳昵㑡挳㥦慤扢㠱㔷慦戵㤷㑣㔷搷つ㐸㥡敡搹㝡搵捣攵㌲㈲ㄴ㈰㜰戳㔹愵㌲昷昷收〵㐱㐴〲挵㘴攴摢摡挹㙥昲〲㔶㠷㔵搴㑣搲愴昶㠱㉤㍡攳㝣㐵挶愴㜰㘰㘲㑤搴ㅦㅣ昴扥㉤扡㙤㘲敥㥤慤慣㘹㘳搱敡㑦慣㥢㙥㜰捡㜰慢㌵搳㑢搵㝥㡡㌳搲㐷〰昲㌷㈱㄰㝡敥ㅥ㔵㥤扡慥㌶昲搷散㙡戰㕡㔸㌵敤㤵搵〰㜹搰㤰挵㈲户戶敢搱㙦㐱㤶扥㤷㘰っ愰㔴捡ㄴ昶戱㔲愱㠴㈷㤳愷㜴㑡攱攵㌶㐱捥㜶㙤扣㍣㘴捤摢戵挰っ㠵昲㠸〵㡣㠴㕡㑤搰㌷㑣ㄲ昵㡣㑡愸㌰昶㔹戳愰㔲挳㜶㠳㡤ㄶ摦㜶㜱㐹㐸㐴扢戲㘰挷挹〲㡡㠲㜶㜹㤰挲㙢㈰㥡づ㘹㤰㕥㌹㐱㐴㘴㠳ㄴ捤㡥㥥摢㠹㡣昵㔳㘴〴敡㈷㠹㤰戵て昷㤶ㄱ㈴昶㙥㈲㘵愳㥥晣戸㉢捤㌶戳攵㐳㘹㜶㉢㌶㑥摦㑦㜰㠰攰㌶㠲㠳〰敡扦㈰攱㈸攵㤰㙥㝦昴昷攰㕤扦㠳攰扤〰㤰㑦㍡㘵㑥㈴慡㘸㐳㙤挷㡥㘴扤㘱搸挹㘲ㄴ㠷愲㠸㤶㜱搳捥ㅣ㜶〴搱㤱搵戹㌳㜴㙤㑥㜴散〷㝢搳㘶㜲㌹愴挸㤴慡挹戵㙥㔱㌵戹ㄱ慣摡愷摥扡ぢ㑤昵㜱㠲昷〱㤴昴昷ㄳ㐲戹搰攰摤㥥㐵㑦㤳昲㕤㘱ㄶ㠵挶㔰㥦ち㍥㈲㘴ㅥ〱㔲㠴㕣搷昱㘵搷㠶愶㌹㌸㘱扤敢㙤攸㐳扤昹㍢㐲㝡㠷摥摣搵㍢昴ㄷ扤㐹㉢晡㙥戰㤷晡昷㥥㍡收ㅥㄴ敢ㅦ㈴戸ㄷ愰㐳挷昰昴晤㘶㍤〵㘲ㄶ㍢〹捣敤愵搷㐵慣摣愵㡤㌵㔳㌴搰㤰戵㘴㜸㉢㘶〰て挶改㌹搸挲㜵捦㌳㙢㌸搴㔶㈵㠳攷㤷〳敤㤹晥扣㔷㜷㤸扦㙢㈳晢敦ち挵㤰换㘹搹㑣㠷㡤㥣㘲㙢㈶㝣㑥〹捡愱づ㝥愰户㤰㐸㌴㙡㈷㉦戶㑢㍦㕦敥㑡㤲㍥㈴挹㠷戰慤晡晤〰㤰ㄲ敡㕦㝢㑡㤴㐳慣昶〷㔲慤摤㘲愵㠷㉦攵㜴搲攱㐳散㤲㈳㠳愱挳㜶〶晥〳㝦搸㔹戴㥤愶戰ㄸ㜴ㄶ㑣慦〲摦㠲㕤㌳㑢愱㕢㤶愲㘶㔷㔶扣㑢㘴㐵㌶摢㜵㥥㑥昱慦〹㥤㜴㐸㠹㔴㙥㑦㉤㑣㌹㡢户㠸㡡㙥㐸ち㤵ㄴ搷㔰㔳〲㤱昲㔸㜷㔷挴昴㈱㘲㍥㡣㡤搳てㄳ㑣ㄱㅣ〱挸晦っ㤲㘶扢ㅢ捦㜰搸挰㍡㕤摡攵㜲愶㐸㌴㠸㡢昰搵㥥挲敡㈸㠷昹㐳㠲㠷〰㍡捣ㅦ㍡㈰㔳〸㔱㔰㥥㈰㐴〹㘳㔸㤷㙣昳ㅡ㘹㘰㡦㠵挰搲㙣挳て敡づ㈳㑢挳搶㕣晤㕣㍤㤸戳晤㌵㐴愲挶慣㈸昱昸慡改㠲扡㍣搸㍥ㅤ㜹昵戵㌵戳慡㕢㡢昵〶㐴摢改戹㥤㜰㌰挷㜶挰㤶㤴戳戹愶昰昴㜷㍥㐶ㄷち㍢㉤晥㔶㝡㘳户攵晤收愱㙦愴戵愳㑢㜶㔰㌳〷慤㤰改㤸㉥㕡搸㐵㐴づ慡〳搶搲慡㘷㥡㜳挳搶㐹捦慥搶㙣搷㈴㌲㘰㘳㌲㔸㜷挶㕣㐱㤴㘰愱捥ㄸ㘰摤ㅤ戶㤶㍣挳昵搷っ〶ㄴ㌷昶戶扤㐹㔸㈴㙦捤搸慥㡦㘱〴㡢㑣㡦㔸㡢慢昵㙢㠸搸㌶ㅣ昷愴戱收敦〸慣㤰攸挳㐷㔰愳㌴愵㘹慡愸ㄵ晢挵てて攴㤹っ㜹㉦㐷㈰戸捡攴改㌳㑦搱摥戴敢愳ㄸつ敤㜴捥㘹〸搱愳㘶㘶㌶㔵ち㤳㔳昵㠷搹收愳〰㡦㥣扣㜸扡ㄵ㤹㝢㑢㌱敢㍣扤晣㈹㌲㕥挸愲ㄹ〸愱㡦㙥㑦㐸㉡捣㈳攵㠰〳㠱㜱扥㜵㤲㕦挹㤲㍡愴扥㍤慤攴㍣㈲㐹㐳搶ㄹ㘳搹慣㈱ㅥ敤ㄸ挱㥥昰㠵㘶慣㘳搴晣愸㙣戶敥㌸〶㐹㡢㘴戹㔸㌱㐸挱搳㡤愰㝥搶㜶㜵ぢ㐰攸㉦捡㌲慥㈳换戸㉥㔹㐳搶〵㠶〶㈵捤扥敡㉢㠶㘷〷慢㡥㕤㈹昲㠵攱扢ㅤ㐱㤳㘰㜲㑡摥昸㠹㘵挶㜸㠷㌵㝦ㄱ㈶㥢㍦〹㜴㑦㐲㡥㜲敢㠸㝥㔰慥愶ち昸㔱㝤㍡㤶㈰㘰挴㔳慡晦ㄱ㝡换换敤〸㠸ㅣ㜹㙥挶㜷㌰㙥㍥㠳㥣㔰〸ㄱ敢㈹㈴〲慦㘰㐲挸搳挵㕤戰㉥扡㜶〰散ㄱ㘳昳㜶㌰攷〳攵〰㐸捡昱昶㜶挱㙡愲搱㐴㔳㉢摣搵㕤搴愶㈶敥散㉥㑦敡㡤て㙣㔲ㅣ㙡㤴㠴㈲搹慡㤲㘸㤶㑤收戸㤳㔴㡤ㄲ挵ㅤ㙢ㅢ㤵收㌶㙤敤㍢愵挸㕢㔰㑣㐲㌳ㄹ晤㡦㠵㔰㄰攸㡤㜴ㄴ㝤昶改攴㤱㠸搸搰〶㈸㔱㑦㠵㜹挳㔱㐸昰㌴慥㥤㔴捤㔲昴〶晥摥ㄳ㈵捦㌷㠲戶ㄲ攳晡㔸㔴㌲㕤慢㥤㜷㘱㈵㔴っ慦扡㐳㔸ㅡ㙢ぢ㌵㡣㜰㘷扦摡㍦摣摥〴㈳㐶㙣挸戰㐸㡡ㅦㄸ㙣〸收㑡㐴㔴㘹㥤つ㜳慢㥢搹㐵扥㥤㌵つ㔷㌰戰ㄸ㔴攷捣㜵㌱挳㕡㤶晣㤸㌴㘸㥥ㄶ㐵㡥敡搶昴戲て㤵ㅥ㔰㡥㐷㈹㘱㜰摤扡㐰户ㄴ㉥㌱㐰散㐶愹㠵㑡㠰搰㙥戳〳㥥っ㜶づ㜶戰㈳㘱攸㠴搶ㄹ㈵㘸㈱㠵㜰摢ㄷ㐱摥改ㄳ愳㄰愴㤶㍣晦㜳㕣㝤敤㜹㍥摦㍦㥥㠹ㄳㄱㄳ㌱摣㤵㘲㍤〰戹挹挸㈴戹㘸㉣づ㤸㠷㤲㑤㠴搶㔰㥣㐷ㄳ㘳㤸㈶㥦ㄷ攰ㄶて㘳㔹㈳㘴㥢ㅡ敥戹〵㌶戴㘹㙤㘳㡦㜵摡慤搴ㅡ㔵㔳㔴㜱㉣慢㐵㈳敦〸㝣挹ㄵ挰㤰㥢㔲昶㈵摡㤴搳㌸㑡㜱挹㐴㔲晦㜶户㝥ㅣ捤㐵挸愱㡦㔰昵㌱〰㤹攲㤶㤳㠰㔸搷㍤〵摡㠷㝢㕢ㄷㄸ攴昲ㅣ㐴㕡㔷ㄶ㘵搹ㄹ摣挷㙢㐶㤱㠵摢ㄲ搵捥搴捦搴㘹戳㈷戲㑥搹㘱搶㡥挰ㄱ搶ㄹち扣㐲〱挶㐸㥦摣挱㑥㌲㌷愳攸敥捤㘷攴㌵㜳ㄳ愸㄰っ㈸挶㜸㜹ち捡㘰㔷挱㐸㌴戸戵㤶搵慤ㄸ晤愵攵慤㑦〳㈸㠶㠱㘹搰愲㘶㘸攰捣㈲扤戵㠱㜳ㄷ㙡愵㐴㐸㤳挱㔴挶㈸挷攰戰〷搲挰㑤㍣㐸㉦搵愱㠴㠲㝤㜲㌱㉣扥㥢㌸攱攰〸㔴昷昶㜷㘴㉥ㄸ〱慥扦戸〷㍢戲愷慢㔵㥡扢昰捦敤〸慣攲敡㐶㘸㡥敥敢戸㤴㈵㙢愲㝤㜷㜷㐷㐱㜴㔹昰挸摣攴㈹㈳愸慣㉥〶ㅢ攱挵慤㍥㐹㐲攵㝦ち㝦挴愶愳搳㘶捥戹扣㠸扡捥扤㉦㕤㜱敢搷㕣㤹㔷摥攷慤㍦㔰〸慥㔰づ㜰㤲愵捣ㅢ昸㤱㐷换攴晦ㅥ㍤㙥㘷摡散愰攵㈰㘱㍦昲㤴昴㜹晣㘵㤰㝡ㅣ㝦㔳㘸〵昶㝢昳收〰㘹㘵㕦〷慤㠸㌰搸㈵ㄶ㜷攵敤㈲㤶㡣晡〹㔰㑢㠲〹㡦攵搸昳敦㠱晤搵㡦㤱㐳愴攳㍤ㄲ㈵昹昷㈱㤵㠲㍡ㄱ收搱㌵て㕥ち昹晤挱㔲捣搱㥢戲搴敦㠲愱晦慥ㄳ㐵㜷ㄲ㐵慦㜴愱㐸昱㉡㠸昰昰愳㐸挴㑦㥥㈱摡㌷ㄵっ攷㥡㜶て愱敦昸愵摦晦挷㐳攸搹㠸㌸挴㑥㐳戸敤ㅥ扣㌷捤㠴㙣㤷㤹挰〰扥㤸〹攷㤰㔰㡣攴㠷㘶㐲攴〷㔹㐰挶搶㘶〲攳㝢㈹挶㘰㈲摣㥡㜰㙤昰ㄴ戶摦愱㡦散ㄴ㉥摦㥡㍥㘲晡㔰㕣晥㉣扣㔲〷扡戳ㄷっ捦㜰づ㑡晥㐹捦㠴㐲昳㤶㜰㥢㕢㥡戰挵敤㥢㤶㐸愳㑤晣ㄵ戱愷㝤搷愷戲扤㍢散挰㔴昸㠴㉥㝣㔵㔴㠵户攰㉤㔱㍣㍢㘴㥥摥昷愳㤳晦昱搴㥦ㅦ攷㡤戵㠸㔶昳昷㈳摤㑦搸㥥昶〴〲扢㠹换㈲户昲攳㥣戳昸㑣挹㕥慢㤹㌳㠶㈷㤶㤰慦㍢㜱㌲㈴扣〴㘱㠶挴户ㄳ捣㑣摣㝤〸捤捣挹づ㤷愷㝣摣㈴㙥挲挹挴挴挵慦ㄷ㠷づ㔵㑦㐵搶愷挵㤹晦ㅢ愸愲㌷㌹㤱㜶㑢㤱㈷㑦㍥㑡晤愸㔳搷ㅤ愵慥ぢて㌳っ晤挷㔲ち㌱〸㔲㐸昲㌰挳㑢〱㈲愵ㄶ㤱挸㌳搶㤷ㄲ㕤敢っ昳搲㈷戰㉢〴捣收挵扦㍥㍦㘴挱㉥〲㡢戱㍦扥摦㔳㉤㙤搱㔸㌵㌱㕣㉢㌶捤ㄲㄲ㜲㠰㘱挶㔴㥣摢㘶改昰㘴扢㙤㤷ㄴ〷ㄹ㜶挲攰㕢挸搸㜹㠷晥戶㤲㜳挲㙤攰昶〷昴㑣㐱ㄴ㠶扢㤷搹㌸㤴㑡㥣㉥慣㕡ち戳〸㐷挲㘴戳搱㘰㔴〴㥤攵ㅥ挴挹ㄴ〱㐰㝥㉤挴昲㠹㔶搷户㜶㤶㔰挷戹〳㔸㈰㝦㘱㝦摤㤹挲搸ㄸ㤵ㅣ〳〹扢慤㕡挵昰㡡昸㈵㌴ㄱ㉢㕦改慤㈴挷㔲㡡㜱敡㤸戳戲㕡㤷晥㘷〴㕢㌸敢㜱搶㘶㈸扢㑤晦㍦㠱㡣㉤昵扦㝡㤸㙤昱慢㝦㌲㑡昰㈵捦ㄸ捡㤶㘱ㅢ敥〸扣摢〸攰挸攱㔸㤷㈴挳摥㘱㙡ㄱㅦ戰㠶挵㈲挱攱晢捡㜵㕥㡦㘸戶愵㙤㍢搸㔳〰㌲㍥㤴晦㉥㐴㔰捦昶敤㜲㡢扤昱㈹㝣ち㘰摦㔹扢攲搵晤扡ㄵ㡣㉦㈲昰㍢捥敦捦㉣搸㍣搳敡摢㥤㐲敤㙥散挴搰愷搱收摣㜹〸散㜳㘶昰㜶挵㈳ㄹ㕤搸㕥㌴㠳摦㈲㡤㈶㐲㑣搴づ晥㉤搶㘳つ愳㠶捦㔷捦挳摦ㄹ㌰㙢㐷㈸扢搰敢摣㜹㑢㠳㕢㠷㝢㕡㡦挲㈷㘴搶㈶ㄱ㈰㤳㈵晣挹㥦㜲㕦㍢昷愰扤㙥戴㌶㥦㌵晢昳扢㤵昲摦〴㑥户㌷㑡㍢挹㜰㑣㝥㤵㕣搲㉦ㄳ挲㈷〲㘷㕤㥡昳扡挳㐹换摥挶㐰攷搱㐷摤㜴㠶㑤搴攰㐲摢㐶〴摣㐰㔳㌵㑤㠰㕦㝤㌹㑡昰㐵搱搳㐷㔶㔴㉦㘱㔹㘴〰愴㌳㠵㉡㐰㙦慡㝥㘱㌳慡㔶昴昴㐸晦㈰晤っ㠹㑣〸㉤ㄶ搳㡡㈷てㄲ㘹㐹㍤㡦收摣挴㜰㌳㔶㤹㠷㤳㠸㥣㌰㤰搶攳ㄶ㐸㘷ㄴ㑦ㄸ㌲扤慦愲㐱㜳㝡㔷㤰摢㝢㝡㕦搹㜴㝡戴つ㘴㝡挹晥㐷㘳摤愲扢㈸搶敢〴㙢〴㔷〱㐶㈸㉣㈹㠱ち㘱搰攱㈷挴ㄷ㥥㥦㐷㝦㕦㍢晥戳㔷昹晣晡戸ㄲ昱㠸愲昶挹㔳㍣捡攴扦㤸㥣㝣㠰摣摥㤳晦晣㘶㤳ㅦ愵攴攴㑣昴㜵㠰攱慣扡㡣㍦戲㤸㙢㐸㜰ㅦ昹慢㡣㌸户㙤㠹㐴户戴摤㐰㘲㌸㍢㑡昴搰㑦愳㍦㐵昰㌴挱つ㠲捦㄰㝣㤶攰ㄹ㠲㘷〱㑡㡡搸㤱㠱晥っ㠹㜸愰㍣㌷㉢攵ㅢ㈱㌱戱㜸㥦㤲挳ㄴ㐲㥦㙥㈱㔴慣㐵㈷㜲收敥〸昱㠲㈵昱愳摢㥥㕡愱搰攷㐵〱昵搹ㄸ㡢愷㑥挵ㅦ㘰㘹㔱攸ち㔴ㄴㅡ戵㈴㌶㙥愴晡㑣㕣昹㙦㕦㘹㜹㕥㔱㠰〷愴ㄶ㔶㈶㔱㑡攵ㅢ㜱攵㈳昸戸㑢敡㘴戴昰㑦收戵戸㌲㠹㔷㉡㍦ㅤ㔷晥搵㤱㠳捤捡㌱搱㠶㍤攷㐹㔱㈹收戲ㅣ㈰ㄲㅦ㝡昳㕣㥥户愸㠲〷慤㌰㥢挲㔷㈲搰㌵㔱挲㐳戸㔳攲攱㔳敢㌳戸㈲㠵㥢㈴㤰搳攱晦戸㜰ㅡ㔷愷收㡣挰挰㤷搴敢㠸㔹㝢扡扣戱㜱挱㍡敦㈱㘳挰㍡敤攳㔸㔶摤㔱㈴〲㡢㈲ㄷ敥敦ㄶ扥晤ㄴ敢戳戵ㅦ㜱慣㑤攳㔵㤴晥昴㡦挴㘷㜲㙡㈳挶㙣收搹ㄶ捤攸㝦〱攴㐰㤴〲㌲愱晦㈵㘰ㄸ捦攱愵攷捣㈸㠵㠵㐸㠲捦戳攰ぢ〴㕦〴㈸㈹㑡〶搲㐱攱㑢〰㈳昱晦㜷㌱扥㉥㉥ㄷ㑤㕤㡤〷㑢㤲㤱晥㔷㙣昰搷〰㔹㜸㠰㔵㐴㠴㈵晤㌹攴㈴〶捤㔳捡㝣慣户㐹换ㄳ㙢晣つ㍥ㄴ㕥摢挷昶㈷昰昱晣〶㍢捥攲晦づ挹㡢晤㥤搳㍥摡㕦㕦㈴㌴㥡捥昲㕢挳㠲摥㐲㍦摣攰㔶戰㠳㍤㡡㉡㔳㤴愵㕣慥扡㠲晥㌹〶㉤敢㤲愲㜴㤵散㈷愳散晤㤲㑤㜹㉢搹㜶㤴㝤㐰戲㈹㠱㈵㝢㌵捡扥㑦戲㈹㤳㈵㝢㈵捡愶㔷慤愴㥥㡤戳慤㈸㥢㍡愷㔸〰挰昳晡ㅢ愳ㄴ摢㠲昲ㄷ㤰搰㕦㈴㜸〹愰㤴㈷愹㙣㥢㘶戹攰㍥㑤㡦慦愳愹㈲㈱戲て晤攵㈸挱ㄷ㐵㉡㤴㈵㕤㡥收㑥㕤㔹搴ち㡡㤴㈹〵攵愸攰㤸ㄴ㈸㐵㙡㤵㠲㑦㐷〵挷㤱愱㝦ㅢ㐰㤱ㅡ戹㈶晤㍢㝣㈳ㄱ捡㠰摦㡤ㄲ㌲㈰昷㐰㥡㝦戲㘳㐰敥㡢ㄴ㍣搱㌱㈰昷㑡ち㍥㤱ㅣ昰晢散㔴ㄶ㠶㐴㥢捡ㅦ攵〲㘵扦㝦㠰挴㜰㜶㠴㜳愳㜱愰㕤㔷㤵换搵换㤷㕦ㅦ挹㡤摦㥥晢挴挷㠷㥥㝦敤㕦㝥昹摣㉦㍥㜵散扦㝦昳攲㡢扦昸捦攷㕥晤捤㑦㤷㡦晤搳户扥昵㡦㡦扣晣敡㉦昷㕡摦搰㕥㜹晤捣㌷㙥㑣㕤戹㜱搵扡㜸晦挹ㅢ㑦㍣昹搸搴挲㉤ㄳ搹散挰挰扤㘳晦㝣摢㝤愳捦㕥晤戱晡㠷㝦㍢攰㉡㔹㉥〶㘸㥦〶㤷㉤搳昸㈱ㄲ㤸〶㘷晣㡥㑥㠳换㤵㡤扡㄰㙤搴っ㌲㡡㜰攰㜰〲㔲昰㔸㝢挱攰㙦〱ㅣ捦昳㐹
B31: Decisioneering:7.0.0.0
B32: CB_Block_7.0.0.0:2
B33: 㜸〱敤㝤〷㝣ㅣ搵戵扥慥愴ㅤ敢慥㙣㙢㙤㥡㌱㘰换挶〶㠳ぢ敡㈵㘰㕣㘴换ㄸっ㌶戶㌱挵㌸昲㙡㜷搶ㄲ㔶戱㜷㈵ㄷ㐲㙦愱㠴〰㠶搰㝢愸〹ㄸ〲㠴㥥挴㠴㑥〲愱㠵㌴㐲ぢ㡦㤶收昰㤲㐰昲㠰晣扦敦捣摣摤搹搹㔹慤㈸昹㍤摥敦㥦戱昶㜸敥㌹攷㥥㝢捦㌷㜷㘶㙥㌹㌳㔳愴㡡㡡㡡晥㠵㡤晦㜳㉢攵捥捥㑢㌶愶晡散敥㘹㉤扤㕤㕤㜶慣慦戳户㈷㌵㙤㔶㌲ㄹ摤戸愰㌳搵㔷〲〵慢慤ㄳ昲㔴愸㉤搵㜹戴㕤搶戶捥㑥愶愰ㄴ㉡㉡㉡㉢搳挵㤰敦攸晥㈲㈶愱㤹㑢㤷㤲㐰慢㐸㕢㈴㐳㐸捡㐸㌴㐹㤸愴㥣㘴㈸挹㌰㤲攱㈴ㄵ㈴ㄱ㤲ㄱ㈴㈳㐹戶㈱搹㤶㘴㍢㤲敤㐹㜶㈰ㄹ㐵挲昲昵㘸㤲㥤㐰㠶敥っ戲戴㘵昶挲昶愳攰捤㤲扥摥愴㍤愵㜲㤹㔳攷改搵搵搳慡愷搵搵㔷搷㑣慢㥡㔲搹搲摦搵搷㥦戴愷昷搸晤㝤挹㘸搷㤴捡㐵晤敤㕤㥤戱〳散㡤㑢㝢㔷摢㍤搳敤昶慡摡昶㘸㕤㔳㜵㕤㝤㝤愲戹戹㘹攸㉥戰㝣㔰换散㐵㐹㍢㤱晡愲㙣㡥愱捤㠵㉤戳愷ㅤ㘴昷㝤㔱㌶挷挲㈶㑣捥改敤㡥㜶昶㝣㐱㐶㐳㍣愶昵㜳散㔸㈷て扥㙤㈷㍢㝢㔶㑤㐳戵戳㠰㐶慡㜱摡慣㔴慡扦㝢つ摢㔱㡢摤搵戵搸㑥挸㐱敦㥥㤳敡㕢ㄴ㑤㜶愷㠶㜶ㄳ㍦㍢㘹昷挴散搴昰敥戹ㅢ㘲㜶㤷慢㤸㉡敢㕥ㄶ㑤ㅥㄴ敤戶㑢戹㔳搱敤ㅣ挳昹㜱扢愷慦戳㙦攳戰敥㐳㔲昶攲㘸捦㉡㥢㉡愱敥㜹晤㥤㜱㔵㕡㡡扦愲㤲摤㠳㙡㈶〷ち昵改㙥改㠸㈶晢㈴挵㐳㔸ㅤ愴敢㘹㉥攲㐵㔶扤搸愴㉡㝤戹㜸捣㤶㜴㜶ㅦ㘰㈷㝢散㉥ㄶ挲㈳㌹搹愷㈴〰㌹挷㈱㡤㤴㜱㠷㐷㐹㤵扢㈷ㅦ㝤㘱㈹㔶㈵挸搸㌹㠷摢愹㠳㝡愷㉣㑡昶戶㑦慦㥡㔶㕦㔵㕤㕦㔳摤㔰㕤㕦搷㔰㔷摤㕣搵㔸愳挷㐱㐹㡦愷晡慥㈰㈵慤戵㔵㝡〲㔹ㄳ㐱㔴改慦㜱㠶㝢敤昲㉣㉢㙥㡢ㄶ户戵ㄷ户挵㡡摢攲挵㙤㜶㜱㕢愲戸㙤㔵㜱㕢㐷㜱㕢㘷㜱摢㔱挵㙤慢愱㘳戶戲㈱㐳㡡摤敤㤲㐵晤户扤㝤攷㠷戳ㅦ㥣㙥扤昱攸搴㐹㔷㈸㥥搴㜲㑤搸ㅤ㍢〵敢㌹〹㑡㝡て㄰㙢㑦㤰攲搶㐶㍤㤹㥣㈹㈰㑡扤㠰㙡戲慡ㅤ搷㥤㙡㙤㝡散敤昹户ㅤ㜹挶昵攷ㅦ㔷㜲戸攲㌵㐳捡㤸㠶㥤㠲㘵散㐵㡢㔵㈰㔶㌵昳戵搶搴敢ㅡ戲㙡㐱㤴晡愹㕢挸つ愵㡦搶㕦ㅡ摢㘱收㤵㈷㔶㍤扥㝤摤㐳扦㔳扣㈶㐹㈱昵搸㈹㔸㐸〳㉤㌶㠲㔸㑤捣搷㕡摤愴㥢挹晡ち㠸㔲㡦扡㠵㕣昸攰㑥扦㑤敥戵挳㠱户摥扡扥昳㉢慦挵㜶㔱扣收㐹㈱晢㘰愷㘰㈱搳㘹㜱㕦㄰㙢〶昳戵㔶搷攸㤹㘴捤〲㔱敡㠷㙥㈱攵ぢ换晥㍡晥戶㔳て㌸㝢晡捦㙢搷㡦㍢㜲㥣攲改㈵㠵戴㘰愷㘰㈱㜳㘸㜱㉥㠸搵捡㝣慤搵㔵㝡ㅥ㔹晢㠱㈸㜵㡦㕢挸晢㡦慦㝡晤〷〷ㅦ戹昰攲㥦扣昰收换㡦扤晡㤶攲㌵㕢ち搹ㅦ㍢〵ぢ㌹㠰ㄶㄷ㠰㔸〷㠲ㄴ户㌶攸㠳挸㔹〸愲搴敤㙥ㄹ㈵㤳㐲㕤㕦㑢晥晡㠰戳㑡㑦晦㐶捤㘹晤㜷㉢摥ㄲ愴㡣㠳戱㔳戰㡣挵戴戸〴挴㕡捡㝣慤搵捤晡㄰戲㤶㠱㈸㜵戳㕢挸愵晦㉣戹散㥤㘸昵〱摦敦㙣ㅢ昵㐹㔳㍣慣捡愹㡣㥦㜵ㄸ㐸挱㐲づ㠷㤲㍥㠲敡换㐱㔰㐸戵㍥㤲慣ㄵ㈰㑡㕤敢ㄶ昲摥扤㤵㤱㘹摦㑢戶摥㜹攷戹㌷㔸㉦扤搰慢㜸㑢㤳㐲摡戰㔳戰㤰㤵㔰搲㔱㄰慢ㅤ〴㠵㌴敡ㄸ㔹㜱㄰愵㉥㜳ぢ㌹㈱㔹晤敤㘷㙡愶㉥㌸戹晣捤昷ㄷ㙦㜸扤㐹昱㤶㈹㠵㈴戰㔳戰㤰㔵戴搸〱㘲㜵㠲ㄴ户搶改愳挸㔹つ愲搴〵㙥ㄹ㠹昵摦㉢㈹扡昳㥥〵㜷㥦㝥攷㤳戳敥㈹㝦㐳昱㡥㉣㘵㜴㘳愷㘰ㄹ㍤戴搸ぢ㘲慤㘱扥搶㥡㐶扤㤶慣㈴㠸㔲㘷扢㠵㙣晥敡扤㥢㡡㉡㉥㕡㜸摡扢㔷摤扥㌵扡㜷㠹攲ㅤ㕦ち改挳㑥挱㐲晡㘹㜱ㅤ㠸戵㥥昹㕡㙢㥡昴〶戲㌶㠲㈸㜵㥡㕢挸戰㜱㕢㝥扥㙥㜱昳摣ㄳ㈶㥦㍢昶散㘱㜵㍤㡡㍤ち㈹攴㙢搸㈹㔸挸㌱戴㜸㉣㠸㜵ㅣ㐸㜱㙢扤㍥㥥㥣ㄳ㐰㤴㍡摥㉤攳愳㡢晦搸㜸攳ㄹ㤷㉤摣㝣捥慤扢㝦㜰昸㐹㜱挵づ㡢㤴㜱ㄲ㜶ち㤶㜱㌲㤴昴㈹㈰搶愹捣搷㕡㔳愵㑦㈳敢敢㈰㑡㙤㜰ぢ㤹㍡改挱晢㉦搸晦搸搹搷晦攸改〷慥摡㉢昴㔲㠸ㅤ愲摡愰摢㡣晦づ搶㡡㥥㑦㉣㥡敡㜳㙦慥扣ㄶ㝤戱昷摥挲户摥搶㘴散摦㝦敢㐵㈱㕦挸慤㔷㥦㐱昴捦〴戱捥〲㈹㐷搷㌱戶扡㜲㔱戲㌳㘶敢㙦㔰㜴㌶㠸㔲㐹昷挰㡣㜸户㘳晣㜳㔷㉤㥦㝦扢㝡昲㝦扥㜲㔷搷昱㡡㥤㔴㌹晡攷㘰愷攰搱㍦㤷ㄶ捦〳戱㌶㌱㕦㙢㙤戵㍥㥦慣ぢ㐰㤴㕡敤ㄶ㜲捤ㅤ㔷㑦㕢㌶扡㝦扦ㅢ㑦㌹㌴昴晢㠹昷捤㔲散〴㑢㈱ㄷ㘲愷㘰㈱ㄷ搱攲挵㈰搶㈵捣搷㕡搳慣㉦㈵敢㌲㄰愵攲㙥㈱㔷㕣摥㜳搳ㅤ慦づ㔹㜸捥㜹㕦扤㍤戲㜱扢㠳ㄴ㍢搹㔲挸ㄵ搸㈹㔸挸㤵戴㜸ㄵ㠸㜵㌵〸㉥㕦戵晡ㅡ戲慥〵㔱㙡㠵㕢挸晣戳㉡㡥搹㜲捦搳戳慥㍡晡戸㤷捥晤挶づ〷慢敤愹㡣㥦㜵ㅤ㐸挱㐲慥㠷㤲扥㠱敡㌷㠲挰㤳〶㝤ㄳ㔹㌷㠳㈸戵捣㉤攴㝢扦摣㔴戶攸㤰ㄳㄷ摥搸戶昳扣㑤㈳㉡捦㔱ㅣ㈴㐸㈱摦挵㑥挱㐲㙥愱挵㕢㐱慣捤㈰挵慤捤晡㌶㜲㙥〷㔱㙡愱㕢㐶搷ㄱ晦㜳昵戸昱㡦ㅦ昰㥤昸户㉥晣昱㥤㥢愷慡㔱㄰㑢ㄹ㜷㘰愷㘰ㄹ㜷搲攲㕤㈰搶昷㤹慦戵愶㕡摦㑤搶㍤㈰㑡敤攷ㄶ㌲改收攸㍦慥㔸ㅣ㕦㜰摥㤶搱换㌷㍦㌱㜵愶摡ㄱ㘲㥥昹晡㍥㤲晢㐱慣〷㐰捡㕢愲㕤㕤㤵㡢愲ㅢ㝢ㄳ〹晤㈰㐵㍦〰㔱㙡戶㙢挷慡㝤扤㜷摥㜱㔷㉦扣㙥捣挵挷敦戶昴挲ㅦ愸搱㄰㑢㘵㝦㠴㥤㠲㤵摤〲㈵晤㄰㠸昵㘳㄰㌴搲ㅡ晤㌰㔹㡦㠰㈸戵户㕢挸㤵㠷㍤㕤晢捤㡢㙥㤹㜹晤㤶攴搰戳挷晥敤㈹戵ㄳ㤵昱戳ㅥ〳㈹㔸挸攳㔰搲㑦㔰晤㐹㄰戴㥦〶晤ㄴ㔹㍦〱㔱慡捥㉤攴㡤㤲㠳昴㌷㡢㈶捥扡攸昴㠷摦慡昸㈴戵㜲攸搳㄰ㅦ散昶㥥攷㈴愳敢㌱ㅥ挹っ㜵㌰扥攳扦挲㘳㍣っ昱ㄲ昵㠹挶㐴㜵㜵扣扥㉡㕡ㅢつ㡤㠳搹挱づ㈶㜸㑦ㄹ㥡㌸戴戳㈷摥扢㕥㐶ㄷ㍢捦㡥愶散捣ㄵ㙦戲㉢㥢摤摢摦ㄳ㑦敤ㄴ㉣㕣搲ㄷ敤戳㐷晢㘵ㄹ㈳㌹搹㤶㘰散㘵愷愴扣㌱晥㙣换愲㕤晤昶慣つ㥤㡥㜸ㄷ㥦ㄸ㈳慦摥昶晣搲搶愴扤㌶㉤捤愹搱㉣㑣つ慣ㄳ摢㌹㕥㍡㈲愷㕥㤵㉤ㅤ扤㈹扢㐷慡㌷戹㝢㔱㘷㙣戵㥤㕣㘲㜳㘲挱㡥㡢慢摢㔱攴づ晦㈶㉦散㠱愳ㄸ搰挵挷㝢戹㠹戹ㅢ晡散㥥戸ㅤ㐷㝤搷搸挹扥㡤㑢愳敤㕤昶昶㔹㉡㑥㤹㄰散㤸挵㙥敤㡤昵愷㕡㝡㝢晡㤲扤㕤搹㤲㔹昱㜵㔱っ㌹攳〷昶挶㙤㡣ㄸ㑢戹ㄵ愹愲㤲ㄲ愵㡡昶っ扡㥦搲㙥㙡㥡ㅣ〸捦㈱摥〵挷㝣㔴㜶戳㥢戶ㄸ摥挱㡢㉥㥢㙤戲㜸㐲〱㘳㘲㤷㘶昶挸慦攸昱㠹戳㌰搴㥥㤴㕦㕢敡㤸㍥㜲晦㕥攵攲攲㙤㕣敦攷慥挳戰㝣扦㘸㑦扣换㑥づ㌸㠷愴㔸㈳晤っ㐸愸ㅡ㘷㜳㕥昴㑡愱愱㌶愸㡤愱昵㥤昱扥づ慢挳敥㕣搵挱㉥㈱收㤹捡捡〸㙤捥愶㥦〵㑢㍦㐷昲㍣㐸㌸㕣㘴扤㐰㈵㉢慣㕦㜴搲愱昱昸晦搳て昸㡢㤱㑢换〴〳㘶㠳㔲愱㙥昴愵㔲㈵㈵㐱㕥敥ㄷ㑤㜵昴戱㜹づ㉣愴扤㥦㤳扣〴ㄲ㥡〰㔲㜰㍥㠱摤攲㔲㑥㥢っ敢㥥㘳㈷愲㤸慣㤲戳㕢㐵㐳摤捥晣挷ㅣ㍢ㄵ搳㥣㈸㤹㡦㜳㘵㠳㠵㍤㥣晣㐳扢搹晡敤つ㝤㜳愲㝤搱㈱摤㤸㜲挱㔱搲㔰㥡㉣戹㥣㍤收ㅣ㈶㍣㤳㍢散愶㘰㈱㈲扢ㅥ㉢攵挲㜰㉣攱挴挱昹㔲㔴攲搲㠱㥤㐰摤搹㌳戳晣つ㍤㝢敡〴㌳㍡昱㜹㜶捦搲㡤㙢散ㄴ搵换慣〱愱昴㥦㕥㌴戶㌰搶㝥㐸㕦㘷㔷㙡ㅡ㙡㍡㉦搹摢扦收㡢戴㐳㕢晡ㄷ㈰㘶ぢ㑤㐲㉢ㅥ扣㑦㠰慢㘸挸㍡ㅥ㥢戶戶愲㌲㕡㈳㐷敦㑡挲搶捡扢愵搹昴㙦戰ㄷㅥ㐸ㄶ㥡〸㡤㑦㌳捤ㄴ㠲晥搰㙥㈰戴㌴㘹换挴㔹㤹㈴㠰昶戰敥㐳㝢㤳慢摢㝢㝢㔷戳㍤つ㤷㔴慡挳戶晢㌸ㄹ㔵敥㑥扥挹㈴㥢㔲㈵㈵㔹㌳㑡㥥㔹慢戱戰㙦扤ち㌲㙣ㄶ扡㈲挶㘲捡㝡つ慣ㄲ㑣㡢㔹慦㘳㘷搲㠱㙣㤴㤵㉤搱㘴㔷㙦攵㐲㤹ㅣ㤴㥥㌵㙥摡㤵㔳搱㝦㐹昶㔵搶㑣摢搰㤵摡愰挶戸昷晢つ摢慥㉤慦摣慢户攵㤶ㄷ㕥摢㤴㤸㜲搱㑡戵㡢㉢挸㤹㤲㥡〴晢攳昰搳㙦㠲愸㥤愰挶慢っ昶戳㌷晤ㄶ搲晡㙤㤲㜷㐰㜰慤㄰昴㜱愹㜸捦㐹慡㍤昰㍦㉦ㄷ晡昷㈴㝦〰㔱㤳㐱㜸戲敡㍦㠲㤸㑤㡤㠴㝤戶〱㌹㡥㝢㠲㉤㤶㜸昹㌲㥢晥ぢ昶挲㝡〰㤹㥡〲つㅥ㑢㑤散昴㙢㈴㐴㑡㤵挱㌰愷挵㜲〰ㄸ攲ち㜲收换昶㐲㌶〱攰㥦捣ㅦ㠲㕡㌰〰ㅦ戱㡣㡦㐹㍥〱昱〰挰〶㠹愴慡〲㕢〰攰㈹慥㡢㐱㔴つ㔸〲㐰〹㔲㘶㔳ㅦ㝤攲〱愰ㅡ㙣〱㠰㍤㝡戳改㈱戴愹〷㤰愹㕡攸〶〱昰㍥㡣〷〲昰ㄷ㔷㤰㌳㤷搷〰㑢攳昰搳ㄱ㔶昹捦㔰ぢ〶㘰㈴挴㝡ㅢ㤲㙤㐱㍣〰㙣敦㈴㔵㈳㡣〸〰㍢㔰㘹ㄴ㠸㙡〶㑢〰搸ㄱ㈹戳愹户扣〰㌴㠱㉤〰昰㡡㙤㌶扤ぢ㙤敡〱㘴敡㉢搰つ〲攰攵㝣〰晣挶ㄵ攴捣㌳㑥㠷愵㜱昸改摤㔸攵㕦攵〵㘰ㄲ挴㝡て㤲㍤㐱㍣〰㑣㜱㤲㙡㕦ㄸㄱ〰愶㔲㘹ㅡ㠸㥡〹㤶〰戰ㄷ㔲㘶㔳捦㝡〱㤸〱戶〰愰㡤㥣㡣㕡摡搴〳挸搴㉣愸〵〱昰㔸㍥〰ㅥ㜵〵㌹㜳愰㜳㘰㘹ㅣぢ摤〷㠵慡㠷㕤〰㝡㤰攰慦つ㜳ㅦて㤵㔲扣㉦㔲㝡〶挹㑣㄰て〰戳㥤愴㥡ぢ㉤〱愰㠵㑡㜳㐰搴㍣戰〴㠰戹㐸㤹㑤摤敦〵愰ㄵ㙣〱〰〵愵㌷㍤㥦㌶昵〰㌲戵ㅦ㤴㠳〰戸㍤ㅦ〰户戹㠲㥣昹搹〳㘰㘹ㅣ㝥㝡㌱慢㝣慢ぢ㐰扡㉥㘶㐷㉦㠵㔸ㅦ㐲戲っ挴〳挰㘱㑥㔲㉤㠰慡〰㜰㌸㤵㡥〰㔱〷㠱㈵〰㉣㐷捡㙣敡㍡㉦〰〷㠲㉤〰㜰搸㘷㌶摤㐶㥢㝡〰㤹㕡〸摤㈰〰㉥捤〷挰㈵慥㈰㘷昲㜸㌱㉣㡤挳㑦㜷戰捡ㄷ攵〵攰㈸㠸昵㙡㤲㉥㄰て〰㙣㈸㐸慡㈵㌰㈲〰昴㔲㘹つ㠸㍡〴㉣〱㘰㉤㔲㘶㔳摦昴〲戰ㄴ㙣〱㠰㘳㐲戳改㝥摡搴〳挸搴㌲攸〶〱㜰㑡㍥〰㑥㜶〵㌹ㄳ摢㠷挳搲㌸晣昴㜱慣昲㠹㜹〱㌸〱㘲㝤㈲挹㐹㈰ㅥ〰㑥㜱㤲敡〸ㄸㄱ〰㑥愵搲㘹㈰㡡㜳摥〲挰搷㤱㌲㥢摡攰〵㘰㌹搸〲㐰㤹㤱㤳㜱ㄶ㙤敡〱㘴㙡〵搴㠲〰攸挹〷㐰户㉢挸㤹㜴㕦〹㑢攳㔸攸〵慣昲敡扣〰㕣〸戱扥㠸攴㘲㄰て〰㤷㍡㐹ㄵ㠵ㄱ〱攰㌲㉡㕤づ愲㘲㘰〹〰㔷㈰㘵㌶搵敥〵愰ㅤ㙣〱㘰戸㤱㤳㜱つ昴挳㝡〰㤹㡡㐳㉤〸㠰挳昲〱㜰愸㉢挸㔹㄰㔸〵㑢攳㔸攸㜷㔸攵㐳昲〲㜰ぢ挴晡㔶㤲捤㈰ㅥ〰㙥㜷㤲慡〳㐶〴㠰敦㔱改づ㄰㜵ㄴ㔸〲挰㥤㐸㤹㑤㉤昰〲搰〹戶〰攰搱挰扣ㄶ㔲㘱㍤㠰㑣慤㐶扥㈰〰㘶攷〳㘰㤶㉢挸㔹慤攸㠱愵㜱慣挵ㄶㄴ慡㘶攴〵攰挷㄰敢㠷㐹ㅥ〱昱〰昰㤸㤳㔴扤㌰㈲〰㍣㑥愵㈷㐰搴㕡戰〴㠰㈷㤱㌲㥢㙡昰〲戰〶㙣〱㠰㌳㠲㘶搳㑦搳愶ㅥ㐰愶㤲搰つ〲㘰㑡㍥〰㈶扢㠲㥣㤵㤴㝥㔸ㅡ㠷㥦㝥㠹㔵摥㈳㉦〰扦㠴㔸晦㡡攴搷㈰ㅥ〰㕥㜶㤲㙡ㅤ㡣〸〰扦愵搲㉢㈰㙡〳㔸〲挰慢㐸㤹㑤㔵㝡〱㔸て戶〰挰搹㑡戳改摦搱愶ㅥ㐰愶㌶㐲㌷〸㠰敤昳〱戰㥤㉢挸㔹攵攱扡捤㌸晣昴ㅦ㔸攵㙤昲〲昰㈷㠸昵㥦㐹戶㠲㜸〰㜸摦㐹慡㘳㘱㐴〰昸㙦㉡晤ㄵ㐴ㅤて㤶〰昰㌷愴捣愶挲㕥〰㡥〳㕢〰㈸㌶㜲㌲晥㐱㥢㝡〰㤹㍡〱㙡㐱〰ㄴ攵〳攰㕦ㅦ㍢㝤攴㥣㈵愸㤳㘱㘹ㅣぢ㉤㐶ㄵ搴挷㔰ぢ敥ち㤷㐲慣㐳㈴ㄶ㠸〷㠰㌲㈷愹㑥㠱㤱昱㌴挴㄰ㅦㅤ〶㔱愷㈱㈹〰㤴㈳㘵㌶昵㔷㤴㤱ㅥっ㥤ち戶〰㌰挲挸挹愸㠰㝥㔸て㈰㔳㕦㠷㕡㄰〰敦戹㝥收っ㠶摥㜵〵㌹换㘳㘷挰搲〰昳户㔹㉢㔲摢㐲㌷㙢晥㜶㘸愲戵戳慢捦㑥捡ㄴ㕤㐵〲晦㌹攱㉥㤲ㅥ挶㘹挹㘴㌴收〴㤲㙣㥢㘸挱捣㈴攲㙢晡㌶㘶收㙡㜳㘶㐶㥤㠹挳晦捣晦㝥改收㝦㘵昶㌷㙢づ㜸㠰昹㔵㌴ㅡ摦っ昰挰捡㥥㐶戴ぢ㥡㔸攰㙣㡤㌴愹㘹戰㥣摤挸愸敦㥦㕡㤲㈰愲戴扥户ㄱ㔲扢㉡晦扣㌰ㅢ㝢㙥㈳㘵愶扣㜳戰㥣㘶晤捦っ戶㍦ち搲㤹挱ㅥ挵㉢攱㡥㈴愳㐹㜶㈲搹ㄹ㐴晤捥扤捣㍥㄰挲摣㉥〰晣㄰攴㘸づ〵昵ㄸ敡㡣㈵愹〴昱㕣㘶挷㈳㘹敤ち㔲㘱㤶改㉢㥤㈶ㄶ㔶敡㑣攴ㅣ捦摣ㄳ㈰搷ㄳ㐱㠶敥〶㜲搰㝥㜶ㄷ㔶㐳扥愸挸挳搰㌷㔰挴挰昳户㘸㍦㈳愱戴㝤昷㤲㡤㍤戱㡥㘴㙦て攲㍦㌹慤㍣㉢㠶搰扤㤴㡡㕡摤ぢ㝡㕢晡晢慣敥晤㍡昱摦搰敥挵昶ㅡ㍢摡搷㠲搵㉥捣㔹㉦㐰攸㠱捣㐸捦㡦㙦昸摦㥣戱㉥㉡㠵ぢ㐵ち昷㘰㌳㘹慤晣㘷慦㌳㜷散挲㍢㙤㑥㉦挲㐰㙤㠹㠰㈵散㤶㠵搵㠷㉦攱㤴㜴㤱摥ㅤ戵扢敡㉦摦搹㝢攲ㄵ户晤换晤晦㜸㑣晥挹愶捦㠲搳㜲㈷昶㜴㔶㌰敤㠳㉣攱㠱㘴敡㙣攴㑢摦㠹慤扤愰㕦㠲㘶愰㕦㈷㠶㍦换㜷㌷㝥挶ㄵ攴挴㐴㥣㡢㙣搲ㅤ愹㠵㈱昵㔳昷㍣〱㌳㝢搳昵㄰敢〶㤲㐶㄰捦㜹搲散㈴搵㜹挸㌰ㅥ㍦晤ㄵ㉡敤つ愲捥㐷㔲扡㈳晢㈰㘵㌶昵㌰捡㐸㜷㐷㌶㠱㉤㈰散㙣攴㘴捣㠴㝥㔸て㈰㔳ㄷ㐰㉤つ㠲㘷㙥昶扥㝣〰摣敢ち㜲攲㌵㉥㠲㈵〱㘰㍥慢㝣㜷㕥〰づ㠰㔸㉦㈰㌹㤰戵换㑣㑥㉦㜴㤲敡㘲ㄸㅡ捦摡㉦愲搲挱㈰敡㔲㈴〵㠰挵㐸㤹㑤摤敡〵攰ㄲ戰〵㠰搱㐶㑥挶㌲攸㠷昵〰㌲㜵ㄹ搴㠲〰昸㜶㍥〰慥㜵〵㌹戱㈴㔷挲㤲〰搰挶㉡㕦㥤ㄷ㠰㈸挴扡㥤㈴挶摡㘵〰戰㥤愴扡ち㠶挶戳昶〹㉡慤〲㔱搷㈰㈹〰㜴㈰㘵㌶㜵㤱ㄷ㠰慢挱ㄶ〰挲㐶㑥㐶ㄷ昴挳㝡〰㤹扡ㄶ㙡㐱〰㥣㥤て㠰㙦戸㠲㥣㌸㤷敢㘱㐹〰攸㘷㤵捦捣ぢ挰㝡㠸昵〶㤲㡤㈰ㅥ〰扥收㈴搵つ㌰㌴ㅥ㍦㝤っ㤵㡥〵㔱㌷㈱㈹〰ㅣ㠷㤴搹搴㠹㕥〰㙥〴㕢〰搸挱挸挹㌸〹晡㘱㍤㠰㑣摤っ戵㈰〰搶攷〳㘰㥤㉢挸㠹挱戹〵㤶〴㠰戳㔸攵扥扣〰㥣つ戱晥㈶挹㌹慣㕤愶〵㥣攷㈴搵慤㌰㌴㥥戵摦㐴愵昳㐱搴㙤㐸ち〰ㄷ㈰㘵㌶戵摡ぢ挰㘶戰〵〰换挸挹戸ㄸ晡㘱㍤㠰㑣摤づ戵㈰〰愲昹〰㔸改ち㜲〲㠴敥㠴㈵〱攰ㅡ㔶昹慢㜹〱昸㌶挴晡㍡㤲敢㔹扢っ〰㌷㍡㐹㜵ㄷっ㡤㘷敤㙦愲搲捤㈰敡㙥㈴〵㠰敦㈰㘵㌶㜵㠸ㄷ〰挶ㄹ〹〰扣㤷㥢㑤㙦㠶㝥㔸て㈰㔳昷㐰㌷〸㠰〳昲〱戰扦㉢挸〹㕥扡て㤶㌸㉥搳昷戰摥昷㤲摣㐷㜲㍦挹〳㈰㙡㡥ぢ㑡〸㕡㝦挴つ㉣搳㠳晡〱㜵㝥㐸昲㈳㄰て㈸て㤱挷ㅥㄴ㝡㑣昷㈳摢㜸ㄶ昰㌰㤹㡦㠰愸〷㤱㘴て愷㐸㍦㡡㘴摥摢攴〳搴㜸㠱㝡㥥㑤㍦㠱㉣㘱㍤㠰㑣晤〰敡ㄹ㜰㜸㥢㜴㙥㤱搵昹挰愹㜲〵㌹ㄱ㔹㕢㘰㐹㕡挷㜳慣昶㌴ㄷ〸㑦㙤㥣㕤晤〲换㜸㤱攴攷㈰ㅥ㈰㝥攱㈴搵㐳㔰ㅣ㡦㥦晥㈵㤵㝥〵愲ㅥ㐶㔲㕡挷慦㤱㌲㥢㥡㠸㌲搲户挸ㅦ㠳㉤〰㜰㔸㘰㌶晤ち昴挳㝡〰㤹㝡〴扡ㄹ〰㕥㐳捡〱㘰愷㝣〰㡣㜶〵㌹搱㘲㡦㈳慦〰昰㌶ち㔵愳昲〲昰㉥挴晡㍤㤲摦㠳㜸〰昸愳㤳㔴㑦挰搰㜸㔶攴㑦㔴晡㌳㠸㝡ち㐹〱㘰㉢㔲㘶㔳ㄵ㕥〰㥥〴㕢〰ㄸ㘶攴㘴晣ㄵ晡㘱㍤㠰㑣晤〴㙡㐱〰㠴昲〱㔰敡ち晣㤱㙣愱㘷㘰改㔳㐴㈰㤵戳㝥㠹㘵㥤昶㝡㠶㑣っ㑦攰愱㤸㤶晥㔴㕦慦挴㜷っ㑢捣改㍤愸户㙦㑥㘷㙡㑤㔷㜴攳㌶〹㜷攷搰づ扢〷搱㔷㐹〴㘱昹㜸扤㙢搶搸㜱㥤㔸搲摢㥦㡣搹昳攷㝣ㄹ愲戳攰ㅦづ㥤〴㘶ㄵ㉢㙣㥦㉤攰〸㈶ㄴ㕡〹戶愲搰戳㌰攸㡦ㅢ昱㡣慡㌳ㄳ㌸ㄱ㈸㔶㘴㄰㕤摡搹搷㘵㤷㈷㐴㉥晢㘵〹愰㠸㤰戶昸㤰挴搲づ挴㔳捣ㄹ㤶㤸㤷散㡣㜷㜵昶搸㍣ㄸ㤸ㄴ攲㤳㐶ぢ散㔵〸㕦㕢搴㥢敡攴㔳㔰挳ㄲ㑢㤳搱㥥搴ㅡ㐶攲挴㌶㡥捣㑡挹〰㈹㤴㤸摤搹㤳㐲㌱㜲ㄴ戹㕦㤱㔸搲搱扢ㅥて攴昵㜷昷捣㡢慥㐹㝤㈹㡥㡡攲㘱㤱㑤づ㡤㉡㔶挵挵慡慣戸散戳ㅥㅦ敢㘳㥣㘳摢攰㐹愷愹〷昵㔶愲㥤昶㈵㍢摢晢〹㤸㤴㔱〳㕡㑡㈲挷戰㈸昴ㅣ昶〶㤸ㄸ攱昴㠸ㅢ㔴挸㠰㌹搶㌵㉢搸㍤㌰㜶㉢晤㤴㈳慦㝤晡ㄳ㔴㘷攸扦㐰昶㥦㜷挸晣㑣㈸改攷㝡㘴㌰昴㍣㉣晢㠷㥢晥㤶㤷㡥摣摢づ捡挳㥤㈶㐴ㅥ㕢ㄴ捥㑣戴〴愶晣捤㌲㥣㄰ㅤ戶搰攱㤹摤㔶挴搹っ㑤㉣㠸戶摢㕤㤸㔸攸㡥昶つ㜷ㄲ㥣㈴敡㡥㜶愵㕣㔹㑢㙦㜷㜷㤴㑤㡥捤㜵㐹㉣摡㘵㤷㈵㘶昵昷昵ㅥ搸搹愳ㄳ㈰搲㉥㕤㔶㜴〳㔸搱つ挲ㅡ㥡㔸捣㔸㔶搹愷慤摥㔵搱㘴㘷㕦㐷㜷㘷慣㡣〹挶㥢㝥㈹摡㉡㑥晥㔲㠰㘹㌶㜳㉤昱㑦㜷㌸〳㝦ㅣ敥㘹㤸㝣㈱㜴㍣晣㘸搱挵捡挲㍦昵ㄹ㐳ㅤ㜱攱㤱ㅢ㡡㔶㔸つて挱㈲ㄸ敥挹戳㔵㘲㠶挰搹㝡㍣㌸㜲㜱㔲㉦㔲〱㍦㕤っ㜵敥昰㔷晡㜳㤰〱攳攰㌸扦ㄴ㕥搰ㅢ㡤户㘲㑡扡㌷㌹挴㝤挴戵っ㠷㤶㤷㥡㘴㠴㤱㠹㉤〸㜶㐵㄰敤扡捥戸㥤㉣㈳㘳〹愶㜰㑡ㄹ搳㘸㌹挷㄰挳晢㤲愲㔰愸扣㉣愸慣昹挶搶〴㌷摥换晢㠸昰晣ㅣ晢㝦㌸戸㘹〶敢ㅥづ挳㤱㈲つ挳㜸〸㤸㍥扤㠴㈴晤昱㈹昰㤱㔲㙤㠱㠴㝥〱愱晦搸㘴〷〹㈲㤴㔰㐳愹㔴ㅥづ㘵昸㘲ㄹ㐲晤㈴敥㌱㈴㡥㤴㝢攲ㄵ㉤㈷㔴戱捣㍣㜱㙡㉤㐱㉢户攳㘱攷晡捡〹㉣ㅥ㡥攲攲㔲ㅣ㙡换扦㔶㤰㔳㉣㡣㜵㉦戱㈵㤰㔱㡤㐱ㄵ慣㈱愸㜱㌹㑦ㄶ搸㙦攳愳㤷散㍥㜲搲〵晦挹ㄶづ㙢㜹〲㍡慣㝥㠳戴㜱㥣搵て㠷㜹搴㌴昱搱攵㈰敡㑤㈴㜹晢挷慥戹㔹愹户㤰攲つ慢挸ㅡち㤵挱㕥㈰搵摢挸挱㡢愴ㅥ㐶挳敦㘰㡦搷㥥㜴㕢慣〰户㜰㕢㝣㡦㌹昰搳ㄱㅡ㜱ㄳ敡昷搸㌱㙥㜸づ昰〸攸攸㤱㔴晣㐳戰挲㌶㔴搸㤶ち㝦㠴〲て戲戵ㅤ㔲攱㌴㜸㡤㐱搸敤〰ㄵ㜴敡晦攲戱改挱㙥ㄴ㙤敥㐸㥢晦㠴㠲ㅦ扢㡦挰㜳戰ㅢつ㤵㐱㘳昷㌱戲〹㜶㍢搱昰㈷㐸㘵㘱户ぢ戸㠵戱㈳㕥㠲摤ㄸㅡ㠱つ昹戱愹〵㘰㌷ㄶ㍡扡㤲㡡挵挱ち攳愸㌰㥥ち㈵㔰㄰散㜶㐵㉡搳昰昰㥣㙢㐰挳㥢〸ㅤ㠰挷攸㍢㔳慡〷扣摤㘸㜴㜷ㅡ㘵愴㥣ㅦ㍣㠶挷〹㜸㥡攰挹挶ㅢ戰攷㉥慣ㄸ㍣㈷㐰敤㐱㈳摢㈲㤵〵搴㘴㜰ぢ〳挵㘸㍢晣攱㌹㘰ㅡ挱㡥晣ㄸ㜲㘷慡㑣㠶㝢ㄵ㤹ちㅤ㍤㡤㡡っ挷ぢ㔰搸㡢ち㔵㔴㘰㠴㥥〰㔵㡤㔴〶㈸㍣慢ㅢ〰㔴㉤㜴〰ㄴ愳昴㡣㔱て㔰㜵㌴㕡㑦愳㡣愸昳〳挵㌰扡〲㐰㌱挸㑥㠰㙡愴ㄱ㐶摢㘵〱搵っ㙥㘱愰ㄸ㤵㠷㍦㑣㝡搲㠸〱㡡愱㜹愶捡㘴扡㐰敤つㅤ扤てㄵ愷〵㉢㑣愷挲扥㔴㘰㈴㥦〰㌵〳㈹て㔰㌵㐱㐰捤㠲づ㠰㘲㌴㥦㈹㜵愴㤴㍡〲㔴捦愶搱ㄶㅡ㘵攴㥤ㅦ㈸㠶摢㌹愷攳ㅣ愸っ晡㜴攴㕤㐴挰㥢㑢挳㌳㤱捡〲㙦ㅥ戸㠵挱㥢㡤㙣昸挳㤳捤㌴㠲ㅤ昹㌱慣捦戸㐱㠶ぢ摥㝣攸攸晤愹挸㤰扦〰㠵〳愸戰㠰ち㡣〲ㄴ昰づ㐴捡〳㕥攰㝤㘰㈱㜴〰ㅥ㈳〱㡤㔱㑦㉢㕢㐴愳〷搳㈸愳昶晣攰㉤〵捦〱㙦㌱㔴〶つㅥ㠳晢〴扣㈵㌴捣㈸扦㉣昰づ〱户㌰㜸㡣〶挴ㅦ愶㡡㘹挴㠰挷㤰㐰攳〶㤹㉥㜸㠷㐲㐷ㅦ㐶㐵㠶ぢ〶㈸ㅣ㑥㠵㈳愸挰〸㐲〱㙦㌹㔲㤹晢㐰㐳㔰挳㕢〱ㄵ㘰搷收戱改挱敥慢戴搹㐶㥢っ昸昳㘳挷㈸扦〲㘷㈸㘳〰〵愷㈸㡤㌰ㄸ㌰ぢ愷ㄸ戸㠵㜱敡㐱㌶晣攱㔹㙤ㅡ㌱㌸㌱㜲㌰〰〶ㅢ㍡㍡㐱㐵㐶ㄵ〶㈸慣愲㐲〷ㄵㄸ㘸㈸㌸㜵㈲攵㘹㘴捤㐱㐰慤㠶づ㠰㘲戰愱㌱敡〱慡㡢㐶扢㘹㤴㠱㠱㝥愰㑥〰捦㘹㘴㍤㔰ㄹ㜴㈳㍢ㄱ搹〴扣㕥ㅡ㍥〹愹㉣昰搶㠲㕢ㄸ㍣〶ㅣ攲て捦㠷搳㠸〱㡦㔱㠷挶つ㌲摤㐶㤶㠲㡥收敢㘸ㄴ㈳ㄲ〳ㄴ晡愹戰㡥ちっ㔲ㄴ昰搶㈳攵〱慦㍡〸扣㡤搰〱㜸っ㔴㌴㐶㍤攰ㅤ㑤愳㕦愳搱ぢ愰攰〷㡦㤱㠴〵㕡ㄹ攳っ〵愸㘳㘹㠴〱㠷㔹㐰ㅤて㙥㘱愰ㄸ㤸㠸㍦㍣㝦㑥㈳〶㈸㐶㈷㥡㉡㤳改〲㜵㈲㜴昴㐹㔴㘴攴㘲㠰挲挹㔴㌸㠵ちっ㘶ㄴ愰㑥㐵捡〳㔴㘰户散敢搰〱㔰搷㜸㡣㝡㠰㍡㥤㐶捦愰㔱〶ㅦ晡㠱㘲挴愱搳捡捥㠴捡愰㕢ㄹ㘳ㄴ〵扣戳㘸㜸㌳㔲㔹攰㥤つ㙥㘱昰ㄸ搴㠸㍦㉣㉤搰㠸〱㡦㤱㡤〱搸㥣〳ㅤ㝤㉥ㄵㄹ昵ㄸ愰㜰ㅥㄵ㌶㔱㠱㠱㤰〲摥昹㐸㘵㉥㘵㜵㐱㡤散㕢㔰〱㜶㡣㠵㌴㌶㍤搸㕤㐸㥢ㄷ搱收ㄶ㈸昸戱㘳戰愲搳挸㌸㕦㈲㕢つ愸户㔷挶㔰㐶挱改ㄲㅡ㘱㑣㘳ㄶ㑥㤷㠱㕢ㄸ㈷挶㍥攲て〱慦㌴㠲ㅤ昹㌱〰搲㔴㤹っ户㤱㕤〱ㅤ㝤㈵ㄵㄹㅣㄹ愰㜰ㄵㄵ慥愶〲攳㈵〵愷㙢㤰捡㌴㌲扣ㅢ㈲愰㔷昶㙤攸〰㈸挶㑣ㅡ愳ㅥ愰慥愳搱敢㘹㤴昱㡤㝥愰ㄸ搴㔸〰㈸㠶㍣ち㔰㌷搲〸㘳ㅦ戳㠰扡ㄹ摣挲㐰㌱㐶ㄲ㝦〸戳愵ㄱ〳ㄴ〳㈵㑤㤵挹㜴㠱晡㉥㜴昴㉤㔴㘴㄰㘵㠰挲慤㔴搸㑣㠵㔷愱㈰㐰摤㠶㤴〷愸挰敥敢昷愰〳愰ㄸ㕢㘹㡣㝡㠰扡㠳㐶敦愴㔱挶㐱晡㠱晡ㄳ㜸捥搹㜸ㄷ㔴〶㝤㌶㌲㕣㔲挰晢㍥つ㌳㙥㌲ぢ扣㝢挰㉤っㅥ攳㉢昱㠷㔵㈰ㅡ㌱攰㌱挸搲戸㐱愶ぢ摥㝤搰搱昷㔳昱慦挱ちて㔰攱㐱㉡㌰㈶㔳挰晢〱㔲㤹戳㌱㜰㡣昴㈳愸〰㍢㠶㘵㥡㐲㍤搸㙤愱捤㠷㘸㤳㈱㤴㝥散㑡挱㜳ㅡ搹㘸㕡攱收㍦ㅢ〹㠲攰昴㌰㡤㌰扣㌲ぢ愷㐷挱㉤㡣ㄳ挳㌰㠹㠴㝥㡣㐶戰㈳㍦挶㘲㥡㉡㤳攱攲昴㌸㜴昴ㄳ㔴㘴㥣㘶㠰挲㤳㔴㜸㡡ちっ摤ㄴ㥣㝥㠲㤴愷㤱〵昶㕥㥦㠶づ㠰慡昰ㄸ昵〰昵っ㡤晥っ㈴㌴ちち〳㑣㜲㈲㝥挴ㄳ㍥㌷ㅣ㌶慤挴㈱㍤㥤㝤㤸㝦攴㑣㐰㙢㘷ㅦ㘶㔲㠶㈶㐰戰㉢㜱㙥愳㘵㕥搲㤳㘹㜲㝡扤㘳㙣慥㈸㙢〱㘴㑣慥摣扢㈲㌲㈱㐰散慣㤵㜸㤶㐸ち㈹挹㥡㐹㐰ㅤ扦㑣㡢㈸捡㠹㝢㜲搷㔱搴挴晣㔱㠲ㅥ摣㌹て晥㌹㤶㕣攴㡡㡥攷戱搹㙣ㄴ晥㘱㈲散㜹散㜳〵㘶挷㠲㑤挴ㄳ㌴挹ㄵ慥㌰㔷㘱ㅣ摥㌰㌷㉡㜷㝥㑦ち昳㤸㘱㌷㠵㔹敡攱敥敥挲晥扥㉣㐹㜴挳㌶慥〴㡦愴㉥散挱摡㐲㉣㥡㡣㝦㐹㈶愶攱㥢戳㝥㈲㜳捣㥦㜵㙤ぢ㔶戰㜹愶㤳戱㕡昹㠲㡢㌵愳ㄳ㍦㑤捣㈹ㅦ㕢ㅣ㐶戸搳愱愸㘵㑣ㅤ㘸㐷㝢攴㈸㉣改㡢捦戱搷挹㐲攳㈲ㅢ慢㠴㜸ㄹ㕦㤷扤㡤㘴㐸㈷㘵ㄲ㔶㈷㘶戵愷戰㘸搵挷ㄵ〹㜷㑦㑥㜴㥤㔸㙣㜷㐵昹晥〸㉣㈰戸㝢㡢㘲㝤㠸戰㑥ㅢ攰扢㈱扥㍣㐷〸㠸㤴扡㐷㐹挹㜱戲〶戸扥㘵㍢挱㜳攸㌳ㅥ㔵㕣搲ㄳ戲晤㘹㠶扡昴ㄲ㙥㌷捦㈸㌲㍢敥㔲㈶愳㑥〷㔸〷挳戵搶ㅢ㈰捣㌳㘹ㅢㄳ户敥㕣攱攴攲㌵搴昰戸㔸㌶㡣㡢㥡挹㍥㍣㡢捤㔷㐵㔵昰搴改挲㙡㐲㕦㈷搶㠵扡㌶づ㑦捣敦㠹㜵昵挷㙤㔹㔴㌲搷㙣㔹㕢晡㔲ㅣ慦㔲摥〸㥤㘳㌵〰㉥㉥㈸昳昱㈲㔳昳㐲㡤捦扥戲慣㕦挴㤹㈶ㄷ㍢搸〸敢㤷摣昳㡥戱挰㥦㍡ㅡ㥢㜱㘹㈳㌳捦ㄲ挸敢㉤㜱㘹换㘱昱㥡挶㤰摡ㄶㄳ搰㉤㘷㥣㐷㙤㐱敦〲扣慦捡㡥㝢㔸晢㜵㍡慣㉦挵㜱㠲㥦捥㘱戲㉣㉣慤㝤挶㌳㠴㐶㜰搵㤳晦戰㠶收晥㍦㠳昷ㄸ摣㘵搴ㄸㅣ〱愷㜷㜶㤶㠸搰㌴搸㍢㉢㈶㜱㔵挶㐲㐵㝡㘷扦挴㔱㔳㡣捡㜶㝡㘷捥昱搴扦〶户㜰敦㡣搱摢㙣㜶晡㌷㌴㠲ㅤ昹㑤〰搷㜴扥挰㐳㠱㤰ㄶ改㤷㐱昵㙦愹㌸㌱㔸攱ㄵ㉡扣ちㄲ㘲㐴慦晦㐲㤳㌷㌸ㄹㄹ㡡㐲摤㕣捥㉡敢收戲ㅥ㑥㔳ぢ㉦晦㐰昰㌵ㄶ㤹慣昲㌲〶㉦敢搷愰昵昴㑦㝦㍡㥤昵㔱㡣晥㌵ㄵ㤴攵㐳㘷㌹敡㜵㤶晦〶㠸㘲㤴慥扦挷换搰摣〲挳㉡〶敥ち愶㙦搲〸㈳㜸戳㝡扣㙦㠱㕢ㄸ搳㘶㘴ㄳ㑣摦愶ㄱ㔶㤷㍦㠶晢㥡㉡㤳攱㘲晡づ㜴昴扢㔴㘴㈸㜰㠰挲㝢㔴昸㍤ㄵㄸㅤ㉣㍤摥㍦㈰㤵改昱攲㝤㙢〱攳捦㍦㐱〷㍤㕥㐶〸ㅢ愳㥥ㅥ敦㥦㘹㜴㉢㡤㌲㥡搷てㄴ㐳㜸ぢ〰挵〰㕦〱敡㝤ㅡ㘱愴㙦ㄶ㔰㝦〵户㌰㔰ぢ㤱㑤㠰晡ㅢ㡤ㄸ愰ㄸㄶ㙣慡散〱敡敦搰搱ㅦ㔰㤱㈱挳〱ちㅦ㔲攱ㅦ㔴㘰ㄴ戱〰昵㑦愴㌲㐰攱㥤㜱〱㐰㝤〴ㅤ〰挵㐸㘲㘳搴〳搴挷㌴晡〹㡤戶㐱挱て㔴ㄴ扣〲㘳㈸〶〲ぢ㔰散挵㉡㐶〴㘷〱㠵愵摢㐱〰㘵㈳㥢〰㔵㐲㈳〶㈸㠶て㥢㉡㝢㠰挲换愰昰㐰ㅣㄵㄹ㕡ㅣ愰㘰㔱㘱〸ㄵㄸ㙤㉣㐰㤵㈱㤵〱ち敦扤ぢ〰㉡っㅤ〰挵㠸㘳㘳搴〳㔴㌹㡤づ愵㔱㐶〷晢㠱㘲㐸㜰㠱ㄶ戵〱㉡〲搴㜰ㅡ搹㠸㔴ㄶ㔰ㄱ㜰ぢ户㈸㐶ㄸぢ㔰㈳㘸挴〰挵㌰㘳㔳㘵て㔰㈳愱愳户愱㈲㐳㤰〳ㄴ戶愵挲㜶㔴㌸づち〲搴昶㐸㘵㠰挲扢晢〲㠰ㅡ〵ㅤ〰挵挸㘴㘳搴〳搴㡥㌴㍡㥡㐶ㄹ㐵散〷㡡愱挳〲㤴戵ㄳ㔴〶㍤愳挱㘰㘳〱㙦㘷ㅡ㍥〷愹㉣昰挶㠰㕢ㄸ㍣㐶㈷ぢ㜸㘳㘹挴㠰挷㄰㘵攳㠶〷扣㑡攸攸㜱㔴㘴昸㜲㠰挲㜸㉡散㑡〵㐶㌴ぢ㜸ㄳ㤰捡捣㘸〴㥥㡤扢㐱〵搸㕤散戱改挱㙥㜷摡㥣㐴㥢搷㐰挱㡦ㅤ愳㡥ぢ㥣㡤㡣㐹ㄶ㥣昶愴㤱敢㤱捡挲㘹ち戸㠵㜱㘲㄰戳攰㌴㤵㐶っ㑥㡣㘴づ㠰㘱ㅡ㜴昴㕥㔴㘴㤴㜳㠰㐲ㄵㄵ慡愹挰挰㘷挱愹〶㈹㑦㈳ぢ扣扥搷㐱〷㐰㌱昸搹ㄸ昵〰㔵㑦愳つ㌴捡㐰㘵捥㙡㐸㐳㉤搲㑤捣㠶㍡㉢㡣㘸㥢戱捦扥挶扤㄰㜳㔴㙢戶散戱搸㔷㕣慤晢愰挱昱ㄸ㜳ㄷ敡摢慢晢愱挸晥扤搲㝢㈳扢戵て㐸改昴㤶㙡㉥扤㠶昵㜴搷攲〳㔰㘰㑦搳搹昲昷㠵ㄸ㌸敤ㅣ㔷挶㌱㑢〵㙡昰㥦户㉦昴㐳愸挸㜱㥤〱摢敡㐷㐸㌹挷搵敤ぢ捤〲户昰㜱㝤〸搹㜸㌸昵㙣ㅡ㜱ち㐲攴㌱戸〶㘱㌲摤晢㜶ぢ㜴昴ㅣ㉡㌲㐸㍢㐰㘱㉥ㄵ㕡愹昰㈸ㄴ搸ㅦ搲昳㤰㑡㜷㘱ㄸ㤹㙤戲㤵㠹㕤㠹愸搹㡦搹收㌳ㅢ愳愸晤㑤㥣愱搳〵慥愳っ慣ㄶ㈸づ愰ㄱ㐶㔸㘷㌵昱〳挱㉤っ〵㈳戱〵㡡㠳㘸挴㐰昱㑢㜰㑤㤵㍤㔰㉣㠴㡥㕥㐴挵㕦〵㉢ㅣ㑣㠵挵㔴昸㌵ㄴ愴㠹㉦㐱㉡搳挴昱㌶捥㠰敢攸㈱搰㐱ㄳ㝦挵㘳搴搳挴㤷搱攸愱㌴晡㌶ㄴ晣㐰㌱挴扡挰戵㠰〱搸〲搴攱㌴挲㐸散㉣愰㤶㠳㕢ㄸ㈸㐶㙣ぢ㔰㐷搲㠸〱㡡㘱摢〱㐰慤㠰㡥晥㉡ㄵㄹ搲ㅤ愰搰㐶㠵㤵㔴㘰㤴户〰ㄵ㐵㉡〳ㄴ摥㈸ㅡ〰㔴っ㍡〰㡡㤱摥挶愸〷愸㌸㡤摡㌴晡〹ㄴ愴戲〹愶摣捡㠶ㄴ㝡㌷晥㤰戵㥣㜰㐲㈹㈱挱挰挲㈵㝤ㅢ扢㄰捣挹㕤㠶戰㌹㝢散戵㘳㍡ぢ㍣〴搶昵㈶㌱㤲㉤昵㍦㤸㥢捥晢㌴ち㉥摦搶昷攲㐹挹㐶〹攳ㄶ㐳㤷晣㑦敥换ㄵ搳昹㔹昱捣㕢攸㤸㠷㥢搵㠱㉡㙥㝢㘰㘷㉣搹㥢敡㑤昴㔵㉥㐱愰㜲㈵㕦攴㤹挰㔰㜶㔶攸㈲㔸っ㉣㤳㡥㤵昶昰㉢っ敢昸㘲扢昰敡㥥摥昵㍤㔲㥢㔰㡡敦㌳ㄵ扣㠶っ㘱㌱改〷慦㜶〵㜸㤱㘲挰挶捣晡㈸搰㘱㈵㤱ㄲ㜶ㄲ㔹㤱搵㐸㑦㙣㤹摤戲戸捤㑥㌴搸搱㐴扤㕤㕤㙢㌷搵㔵㌵㌶㌴㌵㌶㌷㈶敡敢㥢摡愳㔵昱㍡扣挰㌳㔲敡收搱㕤挸ㄳ〹㤹㔴㌷㔳㤶㐹㔱ㄶ搲㐸つ㌶挰て晡㐵慡㕤挵㔴㕣搹愵㐳㠶攴捣㤸收〴〶愶㕦㔸㘸㔹㡣ぢっ㥤〷戰晣搳慣挱㤹戲㡦〵㌳敦㠰㥦㕥㠳㉡攸戵㈰攱〸㐷㡥慣㤰㤵〴ㅤ摥㌲扢捤ㄳ摦㙣愵挰ㅢち㥥捣〰㉣挶㑢㑡慤㍥㜰㐶㠰㤳晤扤っ慢ㅦ散㤱㘰攳㉤㝣收扤㝣㙣㝣㤱㜲搷扡ㅥ挷㘲挷㤳㙣㠰慡㝥ㅤ㝢㙡㤸㐱昰㘸戰㔸㔳昹㔵㤰换摦愹昰㤲つつ㠲㈲敢ㄸ愸攴㙤㍤敡㘴愸戱〵㘵户㠰㠸㈹晣㌸㘴㐶ぢㄸ攱㤶㘷ㅤ㡦戴搳〲慡㙢敡㥡ㄳ㔵㡤㌶㍥㝡㘱搷搹搱昶愶㘸挲慥慢㑦搴㈶敡散愶昶㔸愲㌶㌲搲捤愳㑦㐰㥥挸㌶㈶㜵㈲㔳摢㥡ㄴ㘵㙡〷愴搸ち搴戱愸〸㡦㤰㈰㝤ち㐴晡㔴㤰㜰㘴ㄴ㠴搸㈹戲㑥〳昵㈳晤㜵昰戲㤱㍥ㅤ㥣〰愴捦〰㍢〸改ㅤ㕤敢㝡ㄲ㡡㤰㉦㘱攸㙦㐰搵㐱㝡㈷搶㡢晣㙦㠲㤵㐶㝡ㄷ㜲昹㕢㡢摡ㅡ愴㌵㤱收㈹愹㝡挱捤〵㜵㡣㈹㘷ㄳ昴〰敡㔸搷戴㜵㍥搲づ愸㌵㜶㐳㍣㘶㌷㌷㐴敤扡㐴㕤㝤㑤慣扤扥扡愹扡扤慥戱㍥ㄶ慢㙤㙣㡦㔷㐷㉡摤㍣晡〲攴㠹㡣㌳㈹〱㜵扣㐹㔱愶㈶㈲㈵愰㜶㝡㐱扤ㄸ㈲㝤〹㐸㌸戲ㅢㄴ戰㠳户㐷㤱㐷ㄴ㌵㠱搳㠴㈹戲扢ㄱ敥㐵㡤㉡㤲慢㈹㝣ㅤ㝢㙡て㔳搰戵㘰愵㌱㤹㑣㉥㝦㉢〲㌱㔹ㅥ㠸挹ㄴ㔳捥つ㌰〵㑣愶扡愶慤ㅢ㤱㜶㌰㘹㙦愸㙢慥慡慡㡢㔶㌵㌶㌶搴㌵搵搷戴㌷戶挷慡摢ㅢㅡ慢敤摡㘸戴扡扥㈹㌲捤捤愳㙦㐲㥥挸㕥㈶㈵㤸㔴㤹ㄴ㘵慡ㄶ㈹挱攴㄰㉦㈶户㐰愴㙦〵〹㐷敡愰㠰㥤㘰㑣敡㡤戰㠱ㅡ㡤㈴㜷㌱慢㘰搲㘸ち扡ㅢ慣㌴㈶捤攴昲㌷㍦㄰㤳㜹㠱㤸㝣挵㤴㜳㍦㑣〱㤳扤㕤搳搶〳㐸㍢㤸挴㥢㥢愲敤敤㌸攷慡慢㥡敡㥡ㄲ㜵㔱扢慡㌱㔶㕢搵㕥㠵搶㘳搷戵㔷㐵昶㜱昳攸〷㤱㈷㌲摤愴〴㤳㝤㑤㡡㌲㌵ぢ㈹挱㘴㤶ㄷ㤳㉤㄰改㠷㐰挲㤱搹㔰挰㡥搳㌰㥣㜶㈲㉤㠶㡤㈵搲㘲㠴〴㐱扥㡢愲㌹㡤愵㥦㠴㔰捤㌵〵㍤㠵ㄴ㙥㝥㘲㐶捤㈳㤷扦晡㐰㑣㙡〳㌱搹捦㤴昳っ㑣〱㤳昹慥㘹敢㘷㐸㍢㤸㌴挴敡慡敢愳㘸㈰㌵㡤㔵㜵昱挶收收㝡㜰㙡敡㥢慡敡㥡㙡ㅢ㥡攳昱挸晥㙥ㅥ晤㉣昲㐴づ㌰㈹挱㘴㠱㐹㔱愶ㄶ㈲㈵㤸㑣昵㘲昲㈲㐴晡攷㈰攱挸㈲㈸㘰㈷戸㥤ㅣ㙣㠴㜳愸㌱㤷攴㘵㘶㤵㜶戲挴ㄴ昴ち㔸改㜶㜲〸戹晣㡤ぢ挴㘴㙣㈰㈶换㑣㌹㙦挰ㄴ㌰㌹搴㌵㙤晤づ㘹ㄷ㤳㙡扢ㅥ㘸㌴挷㥡㥡ㅡ敢ㄲつ戸慥㌴㌵挵攲㜵㌵つ㡤戱㘸㔳㔳㈲ㄱ㌹捣捤愳摦㐴㥥挸攱㈶㈵㤸ㅣ㘱㔲㤴愹ㄵ㐸〹㈶㍢㝡㌱㜹〷㈲晤㉥㐸㌸昲㔵㈸㘰㈷ㄸ㤳㌶㈳㍣㠰ㅡぢ㐸戶㌲慢㘰ㄲ㌵〵扤て㔶ㅡ㤳ㄸ戹晣つぢ挴愴㍣㄰㤳戸㈹攷敦㌰〵㑣㙣搷戴昵〱搲づ㈶㌵㔱摢慥慥慦慦㘹慡㡦㈷敡搰㜹㘹慦慥慡挷㘷㥢敡敤㘸㜵㘳㝤扣愹㍥㤲㜰昳攸て㤱㈷戲捡愴〴㤳づ㤳愲㑣慤㐶㑡㌰〹㜹㌱昹〸㈲晤㌱㐸㌸搲〵〵散〴㘳搲㙤㠴㡢愹戱㠴愴㌴〴㈲㤸昴㥡㠲㉣戰搲㤸慣㈵㤷扦㝦晣㌳攸扥昳〱戸戹昷㥤愴㈹㈷っ㔳挰㈴攵㥡戶捡㤱㜶㌰㘹慥挱换慢㜱晦㙥慦愹挶挵㈴ㅥ㙤慥挳㌵戶㈹摡ㄴ㙢㡣搶搷搴戶挷㈲㝤㙥ㅥ㍤ㄴ㜹㈲晤㈶㈵㤸慣㌳㈹捡搴㐶愴〴㤳扦愰㌲改㥢㜹〴㈲㍤〲㈴ㅣ㌹ㅡち㜹㌱昹㥡ㄱㅥ㑥㌸㡥㈰ㄹ挵慣㠲挹戱愶愰搱㉣〸㌲昹ㅤ㑦㉥㝦晦ㄵ㠸挹敦〲㌱㌹挱㤴㌳〶愶㠰挹㠹慥㘹㙢㉣搲㙥㍢戱ㄳ㜵捤㜵㌱㝣㕣慥扥愱慥㈶摥搰㕥ㄳ㙦慥慦慦㙢㑣㌴挴愳㠹㜸㑤㍣㜲㤲㥢㐷㔷㈲㑦攴㘴㤳ㄲ㑣㑥㌱㈹捡搴搷㤱ㄲ㑣㝥敢挵㘴〲㐴㝡㈲㐸㌸㜲㍡ㄴ昲㘲㜲㠶ㄱ慥㈴ㅣ㔱㤲㈹捣㉡㤸㥣㘵ち㥡挶㠲っ㈶㘷㤳换摦㜳㠱㤸晣㉣㄰㤳㙦㥡㜲㙡㘰ち㤸㥣攳㥡戶㙡㤱㜶㌰㘹㑡戴摢㠹敡挶㥡收收挶收扡晡摡敡㘸㘳㜳慤摤㕥摦㥥愸慥㑤搴㔴搹㡤㤱㜳摤㍣扡づ㜹㈲攷㤹㤴㘰戲挹愴㈸㔳摦㐲㑡㌰㜹搲㡢㐹ㄳ㐴扡ㄹ㈴ㅣ戹㄰ち㜹㌱戹挸〸㔷ㄱ㡥づ㤲㤹捣㉡㤸㕣㘲ち㥡捤㠲っ㈶㤷㤱换摦て扣㤸㜴戰〸昶搹ㅥ〸挴攴㜲㔳㑥㉢㑣〱㤳㉢㕣搳搶㍣愴摤㜳愷㌱㕡㤳愸慡㙤挴敤㈶㕡㠷㝢㜰㔳㌴摡ㄸ㑦搴挶搰㍢㡥搵㐵敢散挸㤵㙥ㅥ扤ㅦ昲㐴慥㌲㈹ㄹち㕤㙤㔲㤴愹㙦㈳㈵㤸㝣摦㡢挹〲㠸昴㠱㈰攱挸㜵㔰㄰㑣㌸攴搰ㅣ㘳攸㍥ㄲづ㈲㈲搷ㅢ㘱て攱攰敢ㄱ昵㔲㘶ㄵ㑣㙥㌴〵㉤㘳㐱㤰挹敦㘶㜲昹扢㌹㄰㤳ㅢ〳㌱昹㡥㈹攷〸㤸〲㈶摦㜵㑤㕢换㤱㜶㌰戱敢愲搵敤昱收收㔸戴戶扥慥愶㌱摥㘴摢㔵戸㈵摢搵〹摣愰昱㤹挶挸㉤㙥ㅥ㝤㈴昲㐴㙥㌵㈹挱㘴戳㐹㔱愶扥㠷㤴㘰㜲㡤ㄷ㤳㤵㄰改㈸㐸㌸㜲〷ㄴ攰㍥㈲㤴㠹㠴て㤳㍢㡤戰㥦ㅡ㝣㘳愲敥㘰㔶挱攴晢愶愰愳㔸㤰挱攴ㅥ㜲昹晢㤶ㄷ㤳㘳㔸〴摢挹昹㠱㤸摣㙢捡攱㈷㌷㠱挹㝤慥㘹慢ㄷ㘹户㥤搴㌵户㌷㈴摡慢慡㘳㔱っ㥤慡㙡㥡ㄲ戱愶㜸㙤㉣〶㔰㠰㔴㌴ㅥ戹摦捤愳搷㈰㑦攴〱㤳㤲㜳攷㐱㤳愲㑣晤〸㈹挱攴㙣㉦㈶㝤㄰改㝥㤰㜰㘴ぢㄴ〴㤳愰扥晤㐳㐶挸ㄷ㌱捡〷戴昴㌱捣㉡㤸㍣㙣ち㍡㡥〵ㄹ㑣ㅥ㈵㤷扦ㄳ〳㌱㌹㍥㄰㤳挷㑣㌹㈷挱ㄴ㌰㜹摣㌵㙤㥤㡣戴㠳㐹㥤㕤㔵搳㤰㘸挴㠴㐱㌳㍥㥢ㄸ慦㘹㡥㈵㙡㙡敢摡ㅢ敡摢ㅢ㘳昵攸愲㐴㥥㜰昳攸㔳㤰㈷昲愴㐹〹㈶㑦㤹ㄴ㘵敡㘹愴〴㤳㡤㕥㑣㑥㠷㐸㥦〱ㄲ㡥㍣〳㠵扣㤸晣捣〸㑦㈶㈶愷㤰㥣换慣挴㈴昴ㅣ㠴晥㐹〳捦昳挱㥥搸㉣捥㜳㐶㍣〱㜳㌲晤㌰㈲㜱㜰㝦戴ぢ摦挶㕣㠸愸㡤㍥戲扥っ㙢晤愵㑥散㑣挱㤹ㄷ㜱㘱昹ち㑥㠰昸㌱挸㥥㌸㜱㝤㤳捦㐳㝣戶挸㠱㜰愸〷挷㙥㜰愵戰㘹㘶愶捡㔸㍢ㅣ㈴捣挰㥦捦㘳㡤㤹晦攷㤱愴㡥扥〰っ戳愹ㄷ㠲戸愱ㄷ挱ㅤ㝣㔸ち慤㙥㠳㘹㌴昷㍢扣㝣㥣㝡㜲ㄷ㈲㜴〶昱昴晡户㔰ㄷ昵㔲㔰ㅤ搴㉦つ昷㈲敡愰〸愴㌱愹㑣㉥㝦ㅤ㥥昳捥扡〴㉡昹㘷㜴ㄲ㠱㈷攳㙦㘰㐵㕡晦㘵挸㡣㤳昱㘵摡挷ㄶ昹慤搹㜹挵散扣敡敥㔴扣㠶ㅤ捥ぢ㜹㕦捡㈳㤹㍥㉦㠹扣づ换㉣挵㌷昷㄰㜹挳昰捦愰昰㑣㤲㙢㠸挷㥢攰换搱扣搶㐵㠷〹昵ㄶ戹晣慤昰愰愳搳㜷昴攵㠱㐰扣㡤っ〲挴つづ㄰敦戸愶慤ㅢ㤱㜶慥㑡つ捤㜵㠹愶敡慡慡收㥡㠶㌸收㕥ㅡ摡愳捤攸昰挴愲つ昵㑤昵戵㜵戵戵㤱㜷摤㍣晡㈶攴㠹扣㘷㔲㜲昷晡扤㐹㔱愶晥㠴㤴㕣㤵づ㐱㘵搲扤攱㕢㈰搲户㠲㠴㈳㝦㠶㠲㔴㈷攸敥戵搵〸捦㈵ㄲ攷㤱摣挵慣慦搳晢昷㑤㐱㜷戳㈰㜲昸晢㉢戹晣捤て挴㘴㕥㈰㈶㝦㌳攵摣て㔳㘸ㅣ㝦㜷㑤㕢㝣㔹愲㠳㐹㉤㠶㡤㤸㕡挰㈰㈹㔶㔳ㄷ慢慦㡦搶摢つ㡤つ〹扢戶戱搱慥㙤㠸㔷㐵㍥㜰昳攸〷㤱㈷昲愱㐹〹㈶晦㌰㈹捡搴㐷㐸〹㈶戳扣㤸㙣㠱㐸㍦〴ㄲ㡥㝣っ㠵扣㤸㝣㘲㠴ㄷㄱづ扥㜱㑤㍦挱慣㠲〹戳ㄱ〶晤ㄴぢ㈲ㅥ晣ㄵ㤳换㉡搴㝢㌱㐹摦搱㙢〳㌱㈹㐱㈶愹挴㌳㌰〵㑣㑡㕤搳搶捦㤰㜶㌰㠱敢ㄸㅡ搴挶昹昵改扡㕡㜴㙤慡ㄲ戵㔱㑣㠵搶㐵㙢㙡愳昱晡晡㠸㠴㉡戰㍡捦㈲㑦挴㜲㉤㘸戹㝢つ㌱㈹捡ㄴ㈳㄰〴㤳愹㕥㑣㕥㠴㐸晦ㅣ㈴ㅣ㘱㄰〲晥晣㘷㡣㌳㕢㌷搴〸慦愴挶㔵㈴㉦㌳慢㘰㌲ㅣ㐲挱攴ㄵㄶ〴㤹晣㈲攴ㄲ㤳㜱㕥㑣搲攷捥搸㐰㑣ㄸ㝡㠰㍦〴㈲挱ㄴ㌰ㄹ改㥡戶㝥㠷戴㝢㐷㡦搷㔴挵敢㥢昱㌹㘴捣㍢愰㜳搳摣㠰改㍡㉣っ㘰慡捡㡥搷㐵敢㈳摢戸㜹昴㥢挸ㄳ搹搶愴愴㥤㙣㘷㔲㤴愹㔱㐸〹㈶㍢㝡㌱㜹〷㈲晤㉥㐸㌸挲㜸〳晣〵昷晣ㄸ㠷㈰挲敢愹㜱〳挹㔶㘶ㄵ㑣㜶㠶㐴㌰㜹ㅦ慣㌴㈶㡣㈵㄰㑣㠶㜹㌱㐹户㤳昲㐰㑣ㄸ㔱㈰攵晣ㅤ愶㠰㐹愵㙢摡晡〰㘹〷㤳晡收㥡㜸㜵㜵㝤㜳㉣㠶收㔲ㅦ慤㙥㡡㔵挵摡㙢㘳搱挶㐴㑤㔳㜵㈲搱ㄴㄹ攷收搱㝣愵㔶㘴扣㐹㐹㍢搹搵愴㈸㔳扢㈱㈵㤸㠴扣㤸㝣〴㤱晥ㄸ㈴ㅣ搹ㅤち昸ぢ㙥㈷㤳㡣㤰慦㝢㤳㡦㈸敡㔲㕣摣ㅤ㑣㈴㙥㠰㝣ぢ慣㌴㈶㔳㤰㐵㌰昹挷㍦〲㘷ㅣ挰捤㥤㜱㤸㙡捡〹挳ㄴ㌰㤹㐶㈳㌰㙤㤵㈳敤㘰ㄲ㙢慣㙡㑦攰搴㘹㙥㠸㔵搵戵㈷慡㥡愲昵㔵㌶㤶ㄲ敡㌱搵摢㔰㕦ㅢ㡤㐸㘰〱慢㌳ㄴ㜹㈲㔵慥〵攷摣㤱㤸〲㈳㔳㜵㤰〹㈶㝦㐱㘵搲搷搸〸戲改ㄱ㈰攱㐸扤愹㑥㔰㙦㤸愱〴昸挳愳㌸㈴㝣㝢㥢ㅥ挵慣慦㘳㑦㌵㐱挲摥㕦㔸扤〵摢散㥤㈰㠱㕥挶㑥戴㡢㕥〶攳っ攸㤸摥ㄹっ㡡昸㔳㡣㉢㄰㙥㔶摦㠳攱〲散㘹攸㌱搰㔵㡣ㄴ挸搵㤱㌵㝥摡慢愴㡥戱㌷㡢扡挸愹㕥昵ㅥ〳昶〲㘴㐴昲摢挰㘳㌰ㅢ㤹昰㠷ㄷ搴挲ㄴ㡥㐱㡢㕢愰㌵ㄱ㘹昷晡ㄵ挳攲㑤㔳㔵㙤㝢㝢㑤㐳㥤㥤㘸㙦戲㘳捤㜵㍣㔱ㅢ愳㑤㌵㤸ㅤ㡢捣㜱昳攸摤㤰㈷挲㘵㝦愹昲敥㑣戵㥡ㄴ㘵ㄵ昳㤰晡昷㜴ㄵ昶㠳㘵晣㌹つ摡摡ㄳ㠵㙤摢戶戴㌷搹ㄳ㡤昷戶㉤戶㔳昸攲㕡慡つ慦晥挸㉣㘰㐴收㥢ㅣ㝣愵㥤㥥㠶ㅣ昲㉤㑥㕤㠵㍤㈵愱〳攴㔷㌳㠵ㅤ昹ㅤ㠸㉣㠲昰㌳㕥㠴搳㔷挳㥦〶㈲㝣㤰㈹愷ㅥ愶㠰㌰㠳〵㘸捤㙡㐰摡㐵ㄸ㡢㘱つ戸ㄹ搴搴㔴搵搴㌵戵㌷㌴搷搴㌶㘱㌲㈹㡡㜹敡㐴㜳㝢㝢㙤㘴㤱㥢㐷㌷㈲㑦㠴搱〴㠲戰㕣つㄷ㥢ㄴ㘵敡㄰愴愴㤵㍦㠶捡愴㕢昹摥㄰改㝤㐰挲ㄱ㐶つ攰㉦昸㙡挸㘸〲ㄱ㙥愱挶㐳㈴㉤捣晡㍡昶㤴㐴〹㤰㌵㤷〵㤱挳ㅦ愳〴〴㤳晢扤㤸愴慦㠶昷〶㘲㜲愴㈹㘷㍥㑣〱ㄳ挶〵搰㥡戵㍦搲㉥㈶㔸㌹㑣戴㈷攲㘸㜵㔸搹慡㡢攲敢㥥㥣㐰挱㕡㑥愲慡〶㙢㕥ㄱ〹㈳㘰㜵づ㐰㥥〸〳〷㘸挱㌹昳㔷㥡ㄴ㘵㉡㠶㤴㘰㜲㠷ㄷ㤳㠵㄰改㐵㈰攱㐸ㅣち昸ぢ扥ㅡ㌲㜰㐰㠴㡦㔳攳〹㤲㐳㤹昵㜵散㐵ㄲ㐶㜸㌸㔸挳㑡㐲㕣ち摦㍢晦昳㌹㥥愵摦挹〸㘳捦晡㌰收㕣㝣攸㤲㐱㝦㐵㈵㜸愷㡦昳㈶㥣搲攲慦㝣㌶㕢ㅣ㡤昱攱〵晥㐲㌷挰敢捦㘱㠷愸㘶㠶㔰戴㌸ㄶ㍦扤ㅣづ㠷扡攰㙥㘰㤸扣晦〳搶㜳㌷挴散㉥㍥㤲㠰㌵㙥㘴㉣摡慥㝢㝥ち扢㜸〵昶搲摥㔹ㄲ㈸捦搵散ㄱ㘶ㄹ㝣戲昹㕥攳挴っ挷㍣㠵㘲戲㉤㑣愶昳攱晢㠷㠸㕣㠰㘰㌲扦敥戸㕤㈶攵㜹㤳搰㑥ㄹ㉥ㅥ㍥㐲攴扤ㅤ㌷ㄶ㔳㜸戳㑥㘹㜱㐹捥扢愴㘵昰㍥愷户ㅢ㕦〶㤸挶㔷〷搱ㅡ扥㐵㍡㍦㑥〰㜶ち㜸㡦搲散捥㍥㜹てㄹ㕦㔱慣㌴挳㈰慣ㄵ㠴㘹晡㠴㤶〹つ愱㙢㜱ㅣ晣ㄱ攱㜹㡢挸㐶㥤〵戲㘹㠴㜵ㅢ散㈹㥥昷戴㐶㔶挵ㅡ㈴昰攷ㅦ㝥㙤㥤〱ㅥ户㤹㐲㡢捡㘶㔶㌰ㅥ㐱㌴㔷愸㜱㥢㘶㠵㕥㍢摥晦㉡捤晡㡦戶慤㔸㍦昴戵ㄹ㙡〳搴㈶㈲㥦晦㠳㜶㔷愰搰㕦攳昵㐸㌹摦㜰戸摣ㄵ昸扦攸ㄷ㘱攴〱换搴㌶㉡㍥慣㐴㌱㔲㠰㈷㠹扡ㄴ㌹搸㌲愵㌱慤愲㔷㈷㠰捤〶愵㌴挳〷慣捥㌴㜲敡㐲攸ㄹ㝦挳㝡㌵㤵搹改㌱慣㡡㔳㤰挰摦㈰㈰㘰愰㠰㘸ㄶ㠴攰ㅢ㔰ぢ㠲攰㍣搷搳ㅣ〸捥㜵〵晥㙦晡㐵扥改㤶愹搷㍡㄰㙣㐲㕡㈰昸㈶㜲愴㈱㐸搱慢ぢ㈰㜲㈰攰㘲扦搵㥦㠱攰捣㉣〸搶㐳㔰㜱戱㙢ㄷ晢摥㉤攰挰㜳㈵ㅦ㝦㘸㡤㠵づ晣搵㔰ぢ昲晡搴㝣㕥㥦攲ち晣ㅦ昲㡢㕣敢㤶愹㡦㐵晤㜰攰㙦㐰㕡扣㍥挹敢昵昱㄰慡㥢㈰㜲扣收㜲扥㜵㈲㜸捥㈹愳㡥换昲晡㘴〸㉡㙥㜱敤㘲摦扢〵㜸㝤慢搱㉣攸昵㕤搰っ昲㝡㘳㍥慦㌷戸〲晦搷晢㈲㕣搶挷ㅦ㈶ㄳ㔱㍦㜸捤戵㜹昱㝡㥤搷敢戳㈰㔴て㐲攴㜸捤〵㝢敢㙣昰㕣慦㤳㔹㕥㥦〳㐱挵ㄶ愸攰㙦㄰㉤晣㈱愳㔹搰㙢㉥扥〷㜹摤㥤捦敢㉥㔷攰晦㘴㕦攴㈹户㑣晤㉤搴㔵㕦〸㌲慣㔸㍤〳愶戸摥改㜵晤㘲〸搵戳㄰㌹慥㜳㕤摥扡ㄴ㍣搷㜵㍢换昵换㈱愸㜸搱㌵㡥㝤敦ㄶ㜰挰㝦㙥㌴ぢ扡晥㌲㌴㠳㕣㕦㤹捦昵㌶㔷攰晦㔸㕦㠴敢昳昸㉢搲搷愲㝥㌸攰㙦㈰㈱㕥慦昰㝡㝤ㅤ㠴敡㑤㠸ㅣ慦㝦㠷㍤敢〶昰㕣慦て捦昲晡㈶〸㉡摥㠱ち晥〶㜱挰戹慣㉥㥡〵扤摥ち戵㈰慦㤷收昳㝡㠹㉢昰㝦愱㉦昲扥㕢愶摥散㜸捤㘵㜴昱晡㘰慦搷户搳敢て㈱㜲扣收摡扡㜵㐷挶敢〳戳扣扥㡢㕥㝦攴摡挵扥㜷ぢ㌸搶㕣㌸挷㕦㔱攱㑢㕡㘹㈸搸敢晤昲㜹㍤捦ㄵ昸㍦换ㄷ攱ㅡ㍢换搴昷愳㝥㌸搶㕣㈸ㄷ慦攷㝡扤㝥㄰㐲挵㌵㙥挷㙢慥㥥㕢㍦〴捦㍤搶戳戲扣摥〲㐱㐵挴戵㡢㝤敦ㄶ攰㌵㤷挶〷攷㌵㤷挳㈷戲慥慦㤲扣㐶挲づ慢摡㈷㥦搷㝢扢〲晦户昸㈲㕣㐵ㄷ慦ㅦ㐳晤攰㌵㤷挲挵敢㘶慦搷㑦㐰愸㉡㈱㜲扣收晡戸昵ㄴ㜸慥搷昵㔹㕥晦ㄴ㠲㡡〹慥㕤散㝢户〰慦戹昸㍤㌸慦戹攰㍤ㄱ搶晣㕥㔷攵昳㝡㉦㔷攰晦〰㕦㠴敢攴攲昵昳愸ㅦ扣收㘲户㜸㍤搵敢昵㡢㄰慡㍡㠸ㅣ慦戹〲㙥扤〴㥥敢昵ㅥ㔹㕥晦ㄲ㠲ち慥㕣㡢㉦㕥㥦昱ㅣ㘴㙥㙦㡤换摢㠳昳㝡㈶㌴㈷〶㜸㍤㈱㥦搷扢扡〲晦㔷昷㈲㕣〹ㄷ慦㕦㜱扣收㜲戶㜸㍤捥敢昵㙢昴㝡㍦㠸ㅣ慦戹挶㙤扤㤱昱㝡㤷㉣慦摦愴搷㕣㥢ㅥ㥣搷㕣挰ㅥ㥣搷㑢愱㌹㌱挰敢㔱昹扣摥挱ㄵ昸㍦戵ㄷ攱㕡户㜸晤㥥攳㌵ㄷ慣挵敢敤扣㕥晦㠱㕥ㅦ〹㤱攳㌵㔷戱慤㍦㘵扣ㅥ㤱攵昵㔶㝡扤搲戵㡢㝤敦ㄶ㜰慣愳㐶戳攰㌵扣〳㥡ㄳ〳扣ㅥ㥡捦敢㜲㔷攰晦扥㕥㠴慢搹攲昵摦㔱㍦戴㜰㉥㐹㡢搷摡敢昵㠷㄰慡㌵㄰㌹㕥㜳㥤摡晡㈷㜸㙥ぢて㘵㜹晤ㄱ〴ㄵ㝤慥㕤散㝢户〰慦戹〸㍤戸㘳㝤っ㌴㈷〶㜸㕤㤴捦敢㝦㝤ㄸ晣㔱扤〸搷慢挵敢㘲㉣挲挲㙢㉥㍡㡢搷ㅦ㈳㐷扡㌳㕥ち愱㍡〵㈲挷㙢慥㐴㕢ㄶ㜸慥搷晦㠰慥ㄹ㝣㠴㜵ㄹ〴ㄵ愷扢㜶ぢ㝢捤㘵收挱㜹㝤㉥㌴㈷〶㜸晤㔷搷戹㥣㈱挸㝦扢〲晦㤷昴ㄴ㤷㍢㌹愲搴挳㔱㔷㌳〱ㄹ㌱昳㡥㑡ㄶㅣ㈹㑥㜳㤰㠸㜰㠹㔱愰㡡㈰ㄳ愰攲㤲愰㐰昵㘷㉦㔴㈳㈱㔴搷㐰㌴㌱㕤搳扤㌰㉥㜵敥㌶敦攵慢改扢慥挰晦㤵愱〸㔷敥愴搰㔱㑥愱㕣㝥㤳㐲摦昶ㄶ㍡㥡㠵摥〴㤱㜳㝣戸㈶㘷敤っ㥥㝢㝣㝥〷摤捣昱ㄹ〳㐱〵搷搲〴㜵搴搲戳〵戴㑡㉥戸つ敥昸摣〵捤㠹㌰收扦摢扣㤲捦敢摦扡〲晦愷㠵㈲㕣㥢ㄳ慦㈷㌸㕥㜳㠱㑤扣晥㡤搷敢摤攸昵㠳㄰㌹㕥㜳搵捤㥡㤴昱晡ㄷ㔹㕥敦㐹慦户戸㜶ぢ户捡㠷㡣㘶挱㉢搰ㄳ搰㥣ㄸ攰昵昳昹扣㝥捥ㄵ昸扦㈷ㄴ攱敡㥢㜸㕤攵㜸捤㈵㌴昱晡㘷㕥慦㙢攸昵戳㄰㌹㕥㜳㕤捤慡换㜸晤㤳㉣慦ㅢ攸昵㡢慥摤挲㕥㜳搱㙣㜰挷晡㘵㘸㑥っ昰晡戱㝣㕥㍦敡ち晣ㅦㄱ㡡㜰㝤㑤扣摥挷昱㥡㡢㘴攲昵挳㕥慦昷愵搷㕣摦㜲扣收捡㤹㌵㌳攳昵㡦戲扣㥥㑤慦摦㜱敤ㄶ昶㥡换㘲㠳昳㝡㉢㌴㈷〶㜸㝤㝦㍥慦敦㜳〵晥㉦〷㐵戸㠲㈶㕥敦攷㜸捤㘵㌰昱晡ㅥ慦搷晢搳㙢慥㘰㌹㕥㜳㙤捣㕡㤰昱晡捥㉣慦て愲搷ㅦ戹㜶ぢ㝢捤㠵慦挱㜹捤挵慥㠹〱㕥㙦捥攷昵慤慥挰晦戹愰㠸〵㑢攲昵㔲挷敢㌰搲攲昵㜷扤㕥㉦愳搷㕣扦㜲扣㉥挷㥥㜵㔸挶敢ㅢ戳扣㍥㠲㕥㐷㕣扢昸捦扢〵㕣捤戸戴㌵㌸慦戹㥣ㄵ攴昵戵昹扣扥挶ㄵ攴㝣㈳㠸换㕥㜲户㔹㠹扡愶敦㌶㍢扢㌵搱㔱㜰㜵㍢㐹っ㈴慣㘴愱㡢㜰挷㤱㘴㍥ㅣ愸愲㐸愵㔱户挱挵摤㠷敢㔳〲摤愵㕥攸㔶㌱换㙥㄰㌹搰㜱搱捡敡〴捦攲㤴㙢㜵㙤攸㐲㈸㑦捤㍦㠷㥥㜹挵㡥㤹ㅤ㑥戱〲搹搳摤㘰㘰攲㜵㌵㑢攲㤲ㄶ㑤㤲ㄵ攲㤲搱ㄴ㥦㙤挶㍡㉤㡣戵ㅦㄸ敤㠹慥戲㤳搳摣ㄵ㈸㜷〱㡡㉢㕦㙡㤵戲㔵〲㉦扡敤㔴㐷愹搵㜸㔷㙤昷㔰㤹㔷戶㌷昴挹摢散ㄹ㙦㠵㈳㔶㔲戲搷攰㉣㐷㝢㔶挹攷㑡㈴㥥捡晦愶㈸㕦㙤收搹捥挷㈰㈴㔶㡢戱㔰㐱ㅦち攰愷〰晡愲昸㙡攲㠰挲戲㌲晦㔷㙥㝣㘵戹㥥㜳摡㕣慡㜶㘱㜱挰㝣㌹㉡㠴攷ㄳ㘳搳收㜴捡㔷㍡愳挹㡤㉢㙢㤶㉦㜷ㄵ㤷攰㈳㈲㍤慢愶㔴㜶愷㘲扤挹慥捥昶捣㘷㍣㙡愶㔵昱摦㤴捡ㄶ㉣敢昵㈷敤改㍤㜶㍦扥收摢㌵愵㜲ㄱ㍥昷搸ㄹ挳晡挹搲摥搵㜶捦昴昶㐶〴愶㘳㌵扤扡戹ㄶ㈱㠴㑤捤㉢愶㉣ㅦㅣ慡捥㠲攱攴昹㍤㙢晡昱攱换愴㜳晣戰㝣㌸愵㤲㙥ㅥ挴ㅤ昷ㅢつ搳㍦搷㌷㐵㔶慣ㄸ㄰㘵ㅥ㈳㜹摣㌵㜴㍥ㅡ摤愷㙤ㄱ搹㉤㤹戶戸㠵㌶挱搴愷㘹㈸戹㘶戸散愰㝢㜱㍥攸㌵㈰晣㕣〲㌷扤㤶㥣㈴㐸㔸㔵攱搴挸㕣㑢㌲晤挱㌳㔱㜶攰晡挱ㄹ慥挰晦㐹慤〸搷㕦攵ち扡〱㠶㜱ㄹ攰㈲慡㕣〶扥㡥ㅣ改晥㍡扦搰慡戸晥改㕣〶戸戲㙡ㅤ〳㥥摢ㅦ㍣ㄹ扡㤹晥攰㜱㄰㔴㜰㐵㔴慥㡢〲㑡㥡〴㕣㐱昷㌱㥡〵㝢㐶㕣㉡捤㜸晤ㅡ㔱㝡ㅤ㐴ㅤ㤷捦敢㘳㕤㠱晦㍢㕡ㄱ慥戰㡡搷愷㌸㕥㜳㤹㔴扣晥㥡搷敢搳攸㌵㔷㌸ㅤ慦戹㜶㙡㥤㥥昱㝡㝤㤶搷㘷搲㙢慥㜹づ捥敢㐵㐶戳愰搷㕣っつ昲㍡㤹捦敢戵慥㈰攷攳㔹㕣㐳昵㕦㔶㘴㠱㑣㕥㈴㌹㑤㕥昷挸〷㥡敤㤴㌰昸慥扢㔰㠲敢㠶攵〹㠷捤ぢ㥢扣㔳戰㑢㥥㕦ㅥ㡡㙦摤㈴㔷摢挹〵昸愴ㄳ扥㜰戳愴戳摢㝤愸ㄶ㥦㝡攲挵搶㝣㑤㐵㑢㡡㤹慤挴挲㈴㍥慦㌲㈴㌱㍦㠵户收挵换扡ㄷ㐵晢昰つ昱㥥㉦㐳㈴㉥㥥㈸攷ㅢ㑢戱㌹㥦挰〹㝣㤸㥢㑦㘹〷慥㌱㍡㄰㘶昰㌰㙦㑥㉢收㈷㜲㍥㕢ㅣ慥㜵㉥㥡㤴㜹㐱㑢摣昳搱愷㘲搵㡢㐳散挴晢㥣㔰㈴㌷㑢㉥㕦敡㑤搰户捥〷㈹挱㔳捣㜲愷〷〹敢ぢ挰㤱慢㥣㤰愲㄰㔷㤶晤捥昱昱晡㔶㝡ㅦ㕡摦ㄹ敦敢戰㍡散捥㔵ㅤ㝤㜸㡣扥摣㍣晥㑥㘰㑡戹㍡㍡搰挲㉣㍢㈳㐳扡摢愲挹㘴㜴㘳㔹㜷㕢㤷摤戳慡慦愳慣㙤ㅤ搶愱昱戱㉡搴〳摦〷搶ㄷ攲㝦〷㘸㥣㕥㕣戶㘴扢戴㉥〲㌷搸搹㡥㐰㘷㉦㠱扥㜵㈹㐸戶戳㤷㠱攳㜱㔶㜱攵㤳づ㥢㑤㜱㜵㤳㙥攸㉢愰㤹慥〶㤷づ愵ㅡ㔷㠲ㅢ㕣㡤㘸㘰㌵慥㘶㜹慣㐶〶敦㙢挹攲㑢ㄴㅣ扣ㄵ㔷ㅥ戳慡挰搵㐵愹挲㜵搰㑣㔷㠱敢㜸慣㠲㘶ㄵ㡡搵ㄱ㠱挵摤㐸摢搹挵摤散㉢㡥㑢㝥㔹挵㜱㔹㑦㡡晢慥户㌸㉥愰㜹㡡㕢ㄲ㔸摣收摣攲㙥昷ㄵ挷戵戶慣攲戸㥥㈶挵摤攱㉤㡥㉢㔷〲昰㥤攰㡥㤸㤵㑡昵㜷慦攱〷捣㉡搷㌱戴㈰㔵慣ㄶ㤸ち晣扥㘶挷㑣㤳晥㝥扡〲㠲ㄳ㥢昳㍤扥ち㜰㌹㑣㉣摦〷㐱昰愱㙢㌵戶㡢扣愷换〳㘹摢晣昰㡣㥣㉡㍦昰搹收㙡ㅡ㥤扢㜹㐶攷慣攳㘶㠶㘷慢换㤱㄰攷㝥〴捤昴愱攳摡㤴㔴㘱㑢摥㉡捣〸慣挲㡦㌳㔵㘰〳愵㝢㡦昸慡挰愵慤㉣㝣戹㝣㈵㔵㜸捣㕢〵㉥ㄴ㜹づ㘷㔳㘰㜱㑦收ㄶ昷ㄳ㕦㜱户晢㡢攳扡㤱ㄴ昷戴户㌸慥搰㠸挷捦㠰ㅢっ㝡㜵㘰ㄵ㥥捤慤挲昳扥㉡㍣攸慦〲ㄷ㜱愴ち㉦㝡慢挰攵ㄲ㡦挷㝢〶ㄶ昷㡢摣攲㝥攵㉢㡥㉢㉢㔹〰㜳昵㐴㡡晢㡤户㌸慥㔳㠸挷㉦㠳ㅢ散昱慥㠱㔵㜸㈵户ち慦昹慡挰㘵㡥慣㉡㜰㈹㐳慡昰㠶户ち㕣㌴㄰㡦㜹㘳㈸㔶㍢〷ㄶ昷㕦戴捤㥢㐰收㠲昴㌶㔹㥥ぢㄲ搷ㄷ戲㡡攳ㅡ㠲ㄴ昷㉥つ戳㈵㘲㔳㥣慤昷ㄴ户㕤㘰㜱㝦挸㉤敥㑦扥攲㌸戱㥦㔵摣㔶㔳摣㔶㙦㜱㥣㈶ㄷ㠰晦〲㙥㌰挰挳〳慢昰摦㉣㉦晢㥡昸㌷㕦ㄵ㌸换㥥㔵㠵㡦㑣ㄵ㍥昰㔶愱ㄸ〹昱搸戹〴て〹㉣敥㥦戹挵㝤攴㉢慥ㄴ改慣攲㌸㠵㉤〰㝦㠲ㅤ〳㜰㘴㌸ㄲ搲ぢ晤ㄷ㜶㜴ㄱ摥搱愴ㄵ㐸㔸㐵㤰ㄶ㈸㡡㤱慣㐰挸㤵ㅤ挳敢㑣搳㤷捡㡦㍦㜰敦晥㔹㤷捡㔲收攷㔰㐰㐹〱扣㤶㔸㘴㜹づ晣㐸搸㘵扤搲㤷㌳㑥〲㝢づ昱〷挶㜰搶㜵㌲㑣㉢搹㉤㙡愸捦昰㘸搷戰搳㜲㔰㠵㌱㘰㠸挳挳愱㘹ㅣ㔶ㄳ戲㡢摢ㅡ㔸摣㠸摣攲戶昱ㄵ挷㠹摡㉣㝣㌹ㄹ㉢挵㙤攷㉤慥捡ㄴ攷ㅣ捥㜷〳㡢ㅢ㐵摢搹慤㘷戴慦戸ㅡ㝦㜱㥣〵㤵攲㜶昶ㄶ挷昹㐶て㤸㙦〴ㄶ㌷㤶戶戳挱ㅣ攷㉢㙥㕦㝦㜱戳㑤㜱扢㝡㡢攳㐴㥦㌴㤲〹攰〶㥦㉦扦〹慣挲㙥㉣㉦摢攳㐹扥㉡㜰㥥㌰ぢ攰㠳㑣ㄵ昶昴㔶㠱戳㙥攲戱〳昰㡢㠱挵㑤捤㉤㙥㉦㕦㜱㥣愰换㉡敥〸㔳㕣戵愷戸〸愷扢攴㝣愹㘱晥㕡㤲㍡㤰戰攲㡣㤷っ摦㝥㠲ㅡ㜰搰㍡〲つ戱っㄱ㠷敤㐶昰㤴㉢㤸㐴〱摥㐴捣㤹㌱挹昱愴㉢搸〳〲摤〴㙢㤱戸㈹愵ㄹ㈹㡣㠸㌹㍦㈶㑥昲㘴㉣㔶㡦ㅡ㈷戳㑥扥㝤㈰昳㥤㝣晢㤲攵㌹昹㌸㤵㤶㜵昲㜱挶㑢㕡搱㑣ㅡ㐶昹晣㈹㡥晢捤㍢戶㤰㌶㙦㠳㥢㐵㙢戳㐱搴㥡㘰㠵ㄶ㉡捣〱〹㜱㥥挰㍦捣ㅢ㘰昶㠸敦扤㔶㔱㤹㌱挳敢㥣㌰㜷戶ち㌳㘷㌱搵㥥㍤㙦㔶㔲㐲攴㌹㜱ㄶ㌴愳㤲晥㍡散㠰挲㑦㌳㉢挲改㤴㌲扣晥昸搳㑥捡㌰摦㙤㙡㠰戹㌰づ捣㔶㔶㉦ㅦ摣㐴㤵㑣慦㑤㜶攷摡捣㙣搵晦挲㈴㤵㌵ㄷ〷㜶搹㌱㡢㝢㝢晢㡥㌱户㠳搴㌱〷㈲㕥搶慥㙣㠹㈶扢㝡㉢ㄷ㍡扤改㐵㤸敥挳慣摥戴つ㕤愹つ〳挸㡦㘹挱敢捡㉢ㄷ㐵㌷昶㈶ㄲ扡㤵㉤㘷ㅥ㠸扡ㄷ㙤㥢搳㔷㙣㠸㥣㈴㜶摥愷㝥摦っ扣㔲㄰摢ㅦ㑣っ〵摥昹〸㐵㑥㤹㐱〷摦㠲㐳搶㜰㘹ㄲ慤敥㍦㤳㤰㥣ㄵ戵ㄱ㑡㡦搷㔵攰㘹戴㝡㍥㘴摦戴㠲搱昷㐵㌹ㅦ㥤㑤㝦㘳㜶ㄸ收㔳㘵㝡㝣㔱戴㌳㤹挲㠴㝥㐹搹愶㠱㕡戰㍢慢㍢㜷慤昳㌸戳昹昰㉣ㅢ昵扦㜱㙡㜷㐵搹愵〳㑤㌱㝢㝤昸晦㙥㤲㜹昹ちづ㈰昵〱㌸ㄱ㌸〳愲ㄷ昰㘴攲㠴慡愷㍢㜰㠷戹㙦㘴昵慤ㄶ㐲搳搷ㅤ㌸㤸㉣捦㝤攳㘸搸挹扡㌹ㅥ〷㠶摣㌷㤶㐰㌳摤户㍡挵ㄴ攷摣㡢扦ㅢ㔸摣㌲摡捥扥昵ㅦ收㉢㡥㤳㥥㔹挵㜱㘲㔳㡡㍢挲㔳㕣㘸ㄳ戸㠳㥥〸㈳㍡㥦昱㔹敤攵㈸㔴㜱〶㑢㄰㍥㤲㈹ㄸ攳慦㠲昳㐸摣〱て㍢㥣て㘲愵昴ち敡㜰ㅡ㐸㜲㝣搵㥢㠳㔳㍥㤹ㅣ㥣扡㤱ㅣ㙤搴戹搶攴㔸改捤㜱㕤㔶づ捥扥㐸㡥㈸㜵㌸昱㈲㘵戴㝢㜳㜰㤲㈵㔳挶㘶㤳㈳㐶㥤摢㑤㡥戸㌷挷ㅤ㔹㌹㌸攳㈱㘵搸搴攱㘴㠷㤴㤱昰攴㔰㥣戹㄰㥤㔵攴㜲搲㐲㜴㍡㍣㍡ㄵ㥣愰挸搴攳挷㈶㐷㈷㜵ㅥ㌱㌹㡥昲收攰㝣㐲㈶〷攷ち愴㡣搵搴攱㌴㠱㤴搱攵捤挱㈹㠱㑣㡥㘷㑤㡥㙥敡㍣㙦㜲昴㜸㜳㜰〴㥦挹挱搱戹㤴搱㑢ㅤづ捣愵㡣㌵摥ㅣㅣ㠴㘷㜲扣㘲㜲慣愵づ挷搱㤲㈳改捤昱㐶㔶づ㡥㠷愵㡣ㄴ㜵㌸ㄴ㤶ㅣ㝤摥ㅣㅣ昶㘶捡攰㤰㔶㜲昴㔳㠷愳㔹挹戱捥㥢㘳㙢㔶づ㡥㐰㈵挷㝡敡㜰昰㈹㌹㌶㜸㜳㜰愰㤹㈹攳㥦㈶挷㐶敡㜰晣㈸㌹㡥昶收昸㈴㉢〷挷㠸搲㘳㍤ㄵ㘷㌶晢戸晢戰改ㄷ㕢㡡敤㕦〴愷戸〲扥昹慤㡣㥦㈶㌲㠲㤳㕤〱敦摦晡㌸ㄶ挱戱愲㔴昸㜸愶㌸㑣㤴攲㑦㜰㜷㤸㔰ㅣ昶㠹捥㠹攴㜲挴㈷㍡㈷㜹㜴㉡㌸扡㈳ㄷ晦㘱㠷㈳㌷挹㜱㌲搹ㅣ戴㐹㡥㔳摣ㅤ㈶㉡㌸㐰换攴攰攰㑢㜲㥣㑡㌶挷㕤㤲攳㌴㜷㐷㜲㜰㡣㤵挹挱昱㤳攴昸㍡搹攳㕣㤹㍥摤摤㤱ㅣㅣ㈶㘵㜲散㠶㤴攴㌸㠳㙣㡥㜴㈸搳㘷扡㍢㤲㘳㑦㌷㠱晦㈰收㠸㐵㜲㥣㐵㌶〷㉢㤲攳ㅢ敥㡥攴攰挰㠴㍢昸て㍢ㅣ㤰挸㌱㐸昹づづ〷㈹㈲㐸晡づづ〷㉥㈲㔸敢㍤㌸攷㠲㕢挱㔱挸㔰㔸ㅤ昲ㅣ扥㜷晤㘱攸攸㈱㙤㐳ㅥ㉡扤愷㜴㙢搱㌲っ摤㤷㔹昸〶㍤㐷㈶晥昷㜳㜸ㄶ㜲㍣ㅦ㜰㠱㈲扥㘸捡て〶戱摦ㅢ敥㥥摢搳摦㉤㝤つ慢㝢㐹〷摥㐳㍢挲搵㥤㥣搶ㄹ㤹收愴㜵㠷愷㔹㤲㘷㐷愷挷挱㌵㙣慡㑣捥ㄸ摤捥㉦ㄱ㝤昴㝥㘴散㌰摥户㌶散愹戱愹㈰㥦㝥㉢㔳㠳㔶㉣㔳捣愰捦㠳㤷㌲㜶捡散㐹㔲㜱㔴㈶〷㜲ㄳ㜶ㄴ〷㘴㜲㈰捦㜷㜷攴㐰捥㜴ㄳ㘵扣㜳㐷㘶㈱挵㉤挲愱㤶散㜰㕣㈵㍢ㅣ㕢㜱㔳慤搸ㄱ㍢㈶㥡㑦戸搲㠱挶㕥㍡挶㡦摣搲晤愱晢㝦㙥㌸㐲㈴慣戶㑥㝣晦㈷ㄵ㙡㑢㘱㘵㈸扤㠲㠳攳戸㡦敦㈸づ㌰戲昴て㥣㥣搷搷㘰〵攸㕢㉥㠲㐴戱㤴扤愶㉦㘳㝦㤷挷㙦〸㝢㜲㜲戰㔹搵㤲㡢晦搳〳㤶戸㡦㠰ㄱ捥㔱戸㡣晤〷ㅥ㈷㉣㈶ㄷㅥ㕥㡥㑡㔶攳戱㘳㔹敤㔲愵晢づ敡㈴㜲挳㥡㜲挳㘴㌸挹㘱㕤㠴愶戹晣ㄸ㝣戵慦搲扣戰㍡㜵㑣㘶㕤敤㜳捤づ愴㍡㔷㜵㐷昵挵㍣㑢㌹㐰㤱㑢攸㈵㑣ㅤ㑣㠲挲昵愵敥づㄳㄵ㑢摣〴晥㠳㤸㘳っ挹㜱ㄹ搹㠷戹㌲㝤戹扢㈳㌹㌸㤴攰づ晥挳㡥昴昱戱愳慦㤰㌴㜹戸〲戳慦捦晢㠶扥ㄲ㍢㤸㠷㤳㝥㍤搳摥换㙥㠴晤㝢搱扡摡搱㤲扥㝣㡥搶㑡愳㜵慤愳ㄵ挵㝦攲㐷㤶㉤昶攳挵搶㜵㡥㤶昴搹㜳㙣挵㡤搶つ㡥㤶昴搳㜳戴ㄲ㐶敢㈶㐷㑢㝡敡㌹㕡散戱㑢㠹摦㜱戴愴㜷㥥愳㜵㤴搱扡挵搱㤲ㅥ㜹㡥㔶㤷搱摡散㘸㐹㉦㍣㐷㡢扤㜱㈹昱㜶㐷㑢㝡摥㌹㕡散㠱㡢搶ㅤ㡥搶㕡晣㤷㡢ㄷ㝢摤愲㜵㤷愳㤵㌲㕡㔹挷㤱㍤㙤搱扡摢搱㤲㕥㌵㑢捣搲㘲敦㕡戴敥㜵戴愴㈷㥤㔳慦つ㐶敢㝥㐷㑢㝡捦㌹㕡㐷ㅢ慤〷㐵慢㠲㕤摥㐳愱㔵扣㐱挵㔶挶㔷慥晣戰愲戴㜲㜴改㘱㌳㠷㕥昲摡㔳㙦㙣㝡昱挸改㙦㝦㜴昹攵㉦扥戹改愷ㅦ㍤搸㍥晤昱㙢慦㝤㘴晦慢㝥晡挶挸挴搵挵㜷㝦戸攰敡㘳慡㔷ㅦ戳㌶㜱挸㥥昳㡥㌹晣愸㠳慢ㄷ㡤㤸㕣㔲㌲㘴挸敥摢㍣㌱㙡㔲攴㠴戵昷慡㠷㝥戵㐳㡦㤲㕥㜴㑥㌵㑥㌰搵昸愱㔴㐳㐹㍦㥡㕡㔹㡥戳㍦㉤㡥㙦㜱戴愴敦㥣愳挵㍥戴㘸晤搸搱㤲晥㜲㑥㠹愷ㄹ慤㐷ㅣ㉤改㈳攷搸㘲㕦㔹㙣㍤收㘸㐹扦㌸挷搶㤹㐶敢〹㐷㑢晡挲㌹㕡散ㄳ㡢慤愷㐴慢㠲ㅤ搸㝦㈷搴㈱昶昵〶搱㍦㘴㘳晤㡣㌳づ㍦㐱〹㑡㍡㡣㌹摥戲攳㈸摥㍥㡤㥤㘱㈵㐳搸㡦㤱昳㠲捣㔲晦㍢㈰㍥㐵捦㠸ㄷ㜴晤㡣ㄸつ昱戲晢㌹敦て㈳㔹慤㈸㈶昱㙤㝣愱㠱挱戰慢ㄸ〸慢㝡㔴㉦扥摡攰〴挶慥㈹敦㥥摢㠵㐵㐵㑣ㄷ昷㙤捣㥡敡㉦㔵昴㠶㥢㑣昹㘳㍡昲㔳〵攱搲㤵挱㑤摡换㝣㝡㍡㔶㔶㘱戲ㅦ摢㠰ぢ〸㑤㠳扡㙤㘶㑤摡㈳ㄲち〱愶㜲挳戴慣摢〷㥡㔶晤㔴ぢ〳收搶扣搴㑥昵㉤敡敤散㐱ㄴ㉢挲㔸扥昸㤵㠱㐰㍣搲㈱挴搲㙣ㄸ㈶㉤昳㠵愱扤搰〷晢戴搰昳㐴挹㠴㘳搳㈰㌹晣〵㙥昷㡤㌹昵昷〷摦晢挳ㄹ收㝦愳愴㥦㐷慢搵㉦㠰ㄸ〹搴愰晢摣㡣愳户摤㍣敦昵愳ㅦ㤹愱㕦㠴搰搹㍥晣㔷㔸㐹㜷〲挹散㡢㈱扢ㄵ㜲㠲扤㠴ㅤ摣昳愵ぢ㐱慤慣晢㌴扢ㄲ愲昵㑢搱㡡㤸敢愹㘲㑦㐱〶搵扢扢㠳敡搹挸㕢㠶捦㉢戳㜳㈰㠲摤㝣〲昶〷㐴㌰搱㈷㘰ㄷ㐰〴ㄳ㝣〲摥昵㐵戰慢㑦挰ㅢ扤〸挶晢〴扣户㡢㘰㥣㑦挰摢戹〸㉡㝤〲摥挱㐵㌰搶㈷攰㑤㕢〴㘳㝣〲摥愷㐵戰㡢㑦挰㕢戳〸㜶昶〹㜸㌷ㄶ挱㑥㍥〱㙦挰㈲ㄸ敤ㄳ昰㥥㉢㠲ㅤ㝤〲摥㘶㐵㌰捡㈷攰㡤㑦〴㍢昸〴扣搷㠹㘰㝢㥦㠰户㌷ㄱ㙣攷ㄳ昰㡥㈶㠲㙤㝤〲摥挴㐴戰㡤㑦挰晢㤶〸㐶晡〴扣㔵㠹㘰㠴㑦㈰㔷㝥㝦㙢㔳扣搶㡢㝡㐵戶㝡㠸搷敢捦㝣㐵攲〴㑦搶㘵㜷㠴㙦㤵㜱㜲㌴㠷ㄳ捦攱搸㌹㥣㔸づ愷㈳㠷搳㤹挳㌹㉡㠷戳㍡㠷㤳挸攱慣摡搹㕦㘷敦愳ㄶ㈵收㐶㠲㐷㉥㠲慥敡改慢搸愷㔸慢晥慣㌷ㄷ戹戵っ敥搲㈸㉦㍤㑡摦㤵㍥攷㡤㤸昵ㅤ搰㜷㉡㠴昵晢㘸㐹搶㝦㠳㉣㜶㤶㜸扦挸㘱㥣ㅡ㡡㘶换㍢〳慦改捥㠲敥㤳㌳㠲ㄷ㜶㍦㜴攳㉥㍦晣㤷㉡㐷〶戳挰ㅢづ㉢㕥摤㤹㍦敢㍡慣㜸戹攷㐹攰㍡昰攱扦挹㠱㈱㥦挵〱换攳㠰㡣㘴挳愵扣〱晤摦敢〱っ㌸ㄹ㌷㝤㔰ㅤ愲攰捥㑡㝡㌶敥㈳攰挲搵㝥晥ㄴ㙦扣㜲戵㉢〱㠰㕣㘶㌰户㔰摥㙢㐵㔰散ㄳ戰昱捡愳㈹㜳戱攳〹㈶昸攴敦㠳っ㈶昸ㄸ㡡愶慤改㔲㝣㔷㉥㍣㠴㔵㤲〶挷晦㑢晤㉦㝣ぢ敥㔸〷㝢挹ㄳ㑣㠷㘰㔴㕢㈴㐳㐸捡㐸㌴〸㝡ㄸ㉣㙦㝦㔶㍣㡣ㅤ㌶㜱昴愶㡡㐲捣昰㜹㑡攵㐱㉢敦㜶〳㐶搰㌱ㅣ摡扤㌴㥡㕣㘵㍢扤挴昲㙥戹挶㐸㡦㤱〵㍡摦㐴㌳晤㈶㜰㘴㌳愷愸㘲扤㔹㥦慦戹ㅤ㈹愳㔰㉢摢ぢ㌳ㄴ㝤愲㠲㌹戹㡤㠲昳㍦摥㌶㐶㝦愹挰づ搹挱昷㍥㤳づ攳㜰㍥戲昹搶っ㐵㉣愸㘰晡㙣挶㠲㠹晢ㄸ㐲㜰〴㥤㉦㘴愰挳敢挶戰㤲昲晦〷㈰㜱て㈹
B34: Decisioneering:7.0.0.0
B35: CB_Block_11.1.1000.0:1
B36: 㜸〱戵㔶㑢㙦摢㐶㄰㈶㈹㔱ㄲ㈵搹㘱㙣戴㐰㠱ㅥ㡣㈲愷挴㈱愲挶㐶㥤㠳㤱㔲㤴ㅤㄹ㌵㙤㔵㔴㤲㑢㡢挵㑡ㅣ㕢㑣昸㌰昸㔰愳晥㠰愲攸㍦㘸晦㐴㉦扤攴㍦昵摡愲户㜶㠶ㄲ㈵㔲㔶〴ㄸ㐸挷昲扥收㥢㈷㜷㜶㔷㄰〵㐱昸ㄷ㠹㝡愲㌲つ㍥户愶㔱っ㥥㘶〴慥ぢ愳搸〹晣㐸搳挳㤰㑦捦㥤㈸㉥㈱愰挲ㅣ攴㐷㌲㡢㥣ㅦ愱挶㈶㄰㐶〸㤲〵愱㔶㔳㈴攴㤳ㄲ晡㔷戳㠹㐲㔲捤㌲㌶〳愳㝤㌹㝣㠳㕡慤㌸〸㘱㝦敦搵㑣昶戸搵搲㕡摡挱㘱敢㑢敤挹晥㥥㤱戸㜱ㄲ挲戱て㐹ㅣ㜲㜷㝦慦㤷っ㕤㘷昴つ㑣〷挱㕢昰㡦㘱昸攴改㤰ㅦㅣ戵づづて慦㥥㍤㍢㙡愲㘹攱挲㘸昷㐲戸㡡㍥㤲㑥㤹㕣㍥散挰挸愱搸〰㐲挷扦搶㡣㌶晥㜲晥㙢㘸搱㜶㐶ㄸ㡡㜶㘹搱搸ㅡ〳挴つ㤴㙣戰㜴㤸㝡戴捤㑥摥㡤挰㌵挰㜵晢攸攰づ挳挴㈶㥥㝦ㄹ㍡攰挷㥣昲慢戰㌱㡦㍡㍣㠶愸㐱愳㉥㜰ㅢ昳戲换搲㈴搹㌳戸㠵㉥㐰愴捥搷晡挱て戳㠵㈲攸㘴㠲㉡昳愰搹挲㤶昷㌲㠲㍥昷慦攱㠲㝢㈰㝢㉦ㄲ挷㉥搳攷㤰㤰㠴搲攳㜵㘱愶慥㉦〳㕣㠶㐳挹㙥慤㤳挸㈷挶㘸㝦愵ㄵ愲㈶㙢㈲㔲㘳扥戹㔲ㄷ㜰㑤愹㔰㔳㈵慥㈰搴㤱㠴昲㍦戸㈱昳㌰捡愷挴戸挴㠶ㄲㅢ㐹捣㤶ㄸ㐸散㑡㘲搷ㄲㅢ㑢捣㤱搸ㅢ㠹扤㐵㑣㐶戵㙡㤵攲㈲㝡晣挷捦摦㍤㝤昸晤昹㉦㥤慦ㅦ㠸敦㝦晡扤愹㈰愸㘷戴扢攰摥㘰㠶㍦搶㕥愱ㄸ敥㤶㐴つ㈵㜶㔸ㅦ慥㐳㠸㘸㠳㤹㄰㡦〳ㅢ㍦㝦て㍦㜳㘰て愶㌷搰㘴ㄶ昰㈸昰戹敢挴搳㙤㌶㐳㔸愶慥㈷㜱㜰㝦㌹㥤〹㐴ㄹ愰㔳〴攰㜴〵㘰㥤㔸愴攱㕥愶〱愷敥捤㤸㉦攴㡢散捥㙤㜶ㅢ㘲慥捥愵㍢㠳ぢ㡢攵ㅤ㥡㉤㤰挲〲㠴㘴㌲㡢㈹愴㌷㜶戶㌲て搲㠸㌲晢㤶㕥㜰挷搲㕦㜰捦㕢㜸搷㝤㥤㠲㌳㔵㌴捤㍢㡦昳扣㈵㥣愶搲ぢ㑢㈶戹扡戰㘴ㄶ㘴㉤㜳挵㔲ち㕥㕡㉡愲扢慦捤愲愵㤹㜴〶敦っ昴㌴㉤换㈴攰㥣㍣捤〳㡡㠹搴㔹挱㍥㘹挰㈴㉤昱收㡡㐲㥣ㄷㄵ㥡慣愸搰㕣㔵㘸捥ㄴ㔲づ㍣㍣㜶㐶㝡晦捣搴㍦愱㍡㠷㄰晣ㄱ㐴㡦㉥㝤㘳㑣愷㠴晤㐵㝥昵敡攴㕤っ扥つ㜶㉦っ戰㙡攲改㠰て㕤昸戴〰搱昱㥥㤸〰㌲㍥㉢㉣㥦〶愳㈴㌲〲㍦づ〳户挸搱敤〹㐷㥢戶ㄹ搸㈰愴㘷㔱㔶扥ㅢ晡㔲㐹ㄴ〵昱攱扡挳㘷㕥搱摡戲㝥㑥晣挴愳㜲㝦戴〹㥥㉢㌱慡㌹挲㡢㌵晣慢㠸ㄵ晡摤敥㘶换ㄵ㜱㜷㝥㡥愵〷㙣㤷晢戶ぢ攱挶㡢㔳愴㜳㔳㤰晦挶挳敤づ〱搰㌵㕡㥤㜰㌷〱挶㠴ㅡ戹㐷㈴晦㠵㕡敥ㄲ搷㝡㌵㤸㑣っ㌷扤愴㝦晢㤵攸晤㜳㌱ㅢ㘴晤慤㠵て㌲晥て㘴㘶㉣敢㍦㘸㘳〱愸㉢㑤っち慦ㄱ㤹敥㤴扢摦㔳㤴つ㈵扤㈰昱戹ㄱ挹摥㘹㄰㐶愵搲扡㉦摢攵搱㌸愶㑡搸挸愴㝢㑦搹愲㘶ㅢㅢ㤱㥣愳慣㉢昷戰挹愸㑣晣㡤㕡㈸㤶晡㜹挰敤㔳㑥慦㡤敡晣搹㔴㌳〲敦㠶㠷㄰慡攴㡣㠱愵㠴㈵㍡㜱昰昱㔰愳〵ぢ㥦㘷㘵ち愳昲㡡㜶㔰㈴〸愵㤲㈰换㡤摡㍡㕢㘷㤹慥〷㙢㥥㝦㘷户昴晦昹敤搱㜳昲扦㕥愷㠷㤲愲㔲㜳ㅦㅢ㤱挲愴㜸㔶〰㍢〴搸挵㐶捤㈲㔷㐹㠶㐸㈵㌹㈲㤵㐰㐴㉡〱㠹ㅡ晦〱て㘸㕡㑣
B37: Decisioneering:11.1.1000.0

Sheet AAPL Dec 29
A1: Strike | B1: Price | C1: Implied Volatility | E1: Current Stock Price | F1: 174.79 | H1: https://finance.yahoo.com/quote/AAPL/options?date=1514505600
A2: 165 | B2: 11.15 | C2: 0.2217
A3: 167.5 | B3: 9 | C3: 0.2075
A4: 170 | B4: 6.88 | C4: 0.1951
A5: 172.5 | B5: 5.16 | C5: 0.1842
A6: 175 | B6: 3.65 | C6: 0.1793
A7: 177.5 | B7: 2.53 | C7: 0.1754
A8: 180 | B8: 1.69 | C8: 0.1724
A9: 182.5 | B9: 1.12 | C9: 0.177
A10: 185 | B10: 0.68 | C10: 0.1819
A11: 187.5 | B11: 0.46 | C11: 0.1863

Sheet Black-Scholes Option Pricing
A1: Stock price today | B1: S0 | C1: ='AAPL Dec 29'!F1 -> 174.79
A2: Strike price | B2: K | C2: ='AAPL Dec 29'!A5 -> 172.5
A3: Time of expiration | B3: T | C3: 0.083333333
A4: Risk-free rate | B4: rf | C4: 0.0276 | D4: https://www.treasury.gov/resource-center/data-chart-center/interest-rates/Pages/TextView.aspx?data=yield
A5: Volatility | B5: sigma | C5: ='AAPL Dec 29'!C5 -> 0.1842
A7: Intermediate Calculations | B7: d1 | C7: =1/(C5*SQRT(C3))*(LN(C1/C2)+(C4+C5^2/2)*C3) -> 0.31785769 | D7: =1/(sigma*sqrt(T))*(ln(S0/K)+(rf+sigma^2/2)*T)
A8: Intermediate Calculations | B8: d2 | C8: =C7-C5*SQRT(C3) -> 0.26468373 | D8: =d1-sigma*sqrt(T)
A10: Call Option Price | B10: C0 | C10: =_xlfn.NORM.S.DIST(C7,TRUE)*C1-_xlfn.NORM.S.DIST(C8,TRUE)*C2/EXP(C4*C3) -> 5.1770251 | D10: =norm.s.dist(d1,TRUE)*S0-norm.s.dist(d2,TRUE)*K/exp(rf*T)
A13: Number of trees | B13: n | C13: 30
A14: Time step | B14: dt | C14: ='Black-Scholes Option Pricing'!C3/'Black-Scholes Option Pricing'!C13 -> 0.0027777778

Sheet Monte Carlo Option Pricing
A1: Volatility | B1: sigma | C1: ='Black-Scholes Option Pricing'!C5 -> 0.1842 | E1: t | F1: Simulation | G1: Stock | H1: Call
E2: 0 | G2: =C9 -> 174.79
A3: Growth rate up | B3: u | C3: =EXP(C1*SQRT('Black-Scholes Option Pricing'!C14)) -> 1.0097555 | E3: 1 | F3: 0.50152162 | G3: =IF(F3=1,G2*$C$3,G2*$C$4) -> 173.10132
A4: Growth rate down | B4: d | C4: =1/C3 -> 0.99033878 | E4: 2 | F4: 0.50152162 | G4: =IF(F4=1,G3*$C$3,G3*$C$4) -> 171.42895
E5: 3 | F5: 0.50152162 | G5: =IF(F5=1,G4*$C$3,G4*$C$4) -> 169.77273
A6: Probability of up | B6: Pu | C6: =(EXP('Black-Scholes Option Pricing'!C4*'Black-Scholes Option Pricing'!C14)-C4)/(C3-C4) -> 0.50152162 | E6: 4 | F6: 0.50152162 | G6: =IF(F6=1,G5*$C$3,G5*$C$4) -> 168.13252
A7: Probability of down | B7: Pd | C7: =1-C6 -> 0.49847838 | E7: 5 | F7: 0.50152162 | G7: =IF(F7=1,G6*$C$3,G6*$C$4) -> 166.50816
E8: 6 | F8: 0.50152162 | G8: =IF(F8=1,G7*$C$3,G7*$C$4) -> 164.89948
A9: Stock price today | B9: S0 | C9: ='Black-Scholes Option Pricing'!C1 -> 174.79 | E9: 7 | F9: 0.50152162 | G9: =IF(F9=1,G8*$C$3,G8*$C$4) -> 163.30635
A10: Strike price | B10: K | C10: ='Black-Scholes Option Pricing'!C2 -> 172.5 | E10: 8 | F10: 0.50152162 | G10: =IF(F10=1,G9*$C$3,G9*$C$4) -> 161.72861
A11: Risk-free rate | B11: rf | C11: ='Black-Scholes Option Pricing'!C4*'Black-Scholes Option Pricing'!C3 -> 0.0023 | E11: 9 | F11: 0.50152162 | G11: =IF(F11=1,G10*$C$3,G10*$C$4) -> 160.16612
E12: 10 | F12: 0.50152162 | G12: =IF(F12=1,G11*$C$3,G11*$C$4) -> 158.61872
A13: Expected Payoff | B13: E[Payoff] | C13: 5.1567721 | E13: 11 | F13: 0.50152162 | G13: =IF(F13=1,G12*$C$3,G12*$C$4) -> 157.08627
A14: Call Price | B14: C0 | C14: =C13/EXP(C11) -> 5.1449251 | E14: 12 | F14: 0.50152162 | G14: =IF(F14=1,G13*$C$3,G13*$C$4) -> 155.56862
E15: 13 | F15: 0.50152162 | G15: =IF(F15=1,G14*$C$3,G14*$C$4) -> 154.06564
E16: 14 | F16: 0.50152162 | G16: =IF(F16=1,G15*$C$3,G15*$C$4) -> 152.57718
E17: 15 | F17: 0.50152162 | G17: =IF(F17=1,G16*$C$3,G16*$C$4) -> 151.1031
E18: 16 | F18: 0.50152162 | G18: =IF(F18=1,G17*$C$3,G17*$C$4) -> 149.64326
E19: 17 | F19: 0.50152162 | G19: =IF(F19=1,G18*$C$3,G18*$C$4) -> 148.19752
E20: 18 | F20: 0.50152162 | G20: =IF(F20=1,G19*$C$3,G19*$C$4) -> 146.76575
E21: 19 | F21: 0.50152162 | G21: =IF(F21=1,G20*$C$3,G20*$C$4) -> 145.34782
E22: 20 | F22: 0.50152162 | G22: =IF(F22=1,G21*$C$3,G21*$C$4) -> 143.94358
E23: 21 | F23: 0.50152162 | G23: =IF(F23=1,G22*$C$3,G22*$C$4) -> 142.55291
E24: 22 | F24: 0.50152162 | G24: =IF(F24=1,G23*$C$3,G23*$C$4) -> 141.17567
E25: 23 | F25: 0.50152162 | G25: =IF(F25=1,G24*$C$3,G24*$C$4) -> 139.81174
E26: 24 | F26: 0.50152162 | G26: =IF(F26=1,G25*$C$3,G25*$C$4) -> 138.46099
... E31: 29 | F31: 0.50152162 | G31: =IF(F31=1,G30*$C$3,G30*$C$4) -> 131.90048
E32: 30 | F32: 0.50152162 | G32: =IF(F32=1,G31*$C$3,G31*$C$4) -> 130.62616 | H32: =MAX(G32-C10,0) -> 0

Sheet Sensitiviety Analysis
A1: Volatility | B1: Call Option Price
A2: 0.1 | B2: 3.58
A3: 0.1842 | B3: 5.2063508
A4: 0.3 | B4: 7.6

Sheet AAPL
A1: Date | B1: Adj Close | C1: Return
A2: 29567 | B2: 0.420087
A3: 29570 | B3: 0.398169 | C3: =B3/B2-1 -> -0.052174907
A4: 29571 | B4: 0.368946 | C4: =B4/B3-1 -> -0.073393459
A5: 29572 | B5: 0.378078 | C5: =B5/B4-1 -> 0.02475159
A6: 29573 | B6: 0.389037 | C6: =B6/B5-1 -> 0.028986082
A7: 29574 | B7: 0.412781 | C7: =B7/B6-1 -> 0.061032755
A8: 29577 | B8: 0.432872 | C8: =B8/B7-1 -> 0.048672298
A9: 29578 | B9: 0.451137 | C9: =B9/B8-1 -> 0.042194921
A10: 29579 | B10: 0.474881 | C10: =B10/B9-1 -> 0.052631462
A11: 29581 | B11: 0.518716 | C11: =B11/B10-1 -> 0.092307336
A12: 29584 | B12: 0.526022 | C12: =B12/B11-1 -> 0.014084779
A13: 29585 | B13: 0.513237 | C13: =B13/B12-1 -> -0.024305067
A14: 29586 | B14: 0.498625 | C14: =B14/B13-1 -> -0.028470278
... A9320: 43063 | B9320: 174.97 | C9320: =B9320/B9319-1 -> 5.7121626e-05
