Workbook

Sheet Returns
A1: Date | B1: Market Return | C1: Apple's Return | D1: Excess Market Return | E1: Excess Apple Return | F1: Predicted Apple Excess Return | G1: Sample Error
A2: 29587 | B2: -0.04 | C2: -0.170018 | D2: =B2-$J$2 -> -0.04348588 | E2: =C2-$J$2 -> -0.17350388 | F2: =Regression!$B$17+Regression!$B$18*Returns!D2 -> -0.051991367 | G2: =E2-F2 -> -0.12151251 | I2: Rf | J2: 0.0034858796
A3: 29618 | B3: 0.0163 | C3: -0.061674 | D3: =B3-$J$2 -> 0.01281412 | E3: =C3-$J$2 -> -0.06515988 | F3: =Regression!$B$17+Regression!$B$18*Returns!D3 -> 0.027795042 | G3: =E3-F3 -> -0.092954921 | I3: x_bar | J3: =AVERAGE(D2:D433) -> 0.0061668981 | K3: Market Risk Premium
A4: 29646 | B4: 0.0477 | C4: -0.075117 | D4: =B4-$J$2 -> 0.04421412 | E4: =C4-$J$2 -> -0.07860288 | F4: =Regression!$B$17+Regression!$B$18*Returns!D4 -> 0.072294033 | G4: =E4-F4 -> -0.15089691 | I4: y_bar | J4: =AVERAGE(E2:E433) -> 0.018374829 | K4: Apple's Risk Premium
A5: 29677 | B5: -0.0102 | C5: 0.15736 | D5: =B5-$J$2 -> -0.01368588 | E5: =C5-$J$2 -> 0.15387412 | F5: =Regression!$B$17+Regression!$B$18*Returns!D5 -> -0.0097598399 | G5: =E5-F5 -> 0.16363396
A6: 29707 | B6: 0.0126 | C6: 0.164474 | D6: =B6-$J$2 -> 0.0091141204 | E6: =C6-$J$2 -> 0.16098812 | F6: =Regression!$B$17+Regression!$B$18*Returns!D6 -> 0.02255153 | G6: =E6-F6 -> 0.13843659
A7: 29738 | B7: -0.0101 | C7: -0.214689 | D7: =B7-$J$2 -> -0.01358588 | E7: =C7-$J$2 -> -0.21817488 | F7: =Regression!$B$17+Regression!$B$18*Returns!D7 -> -0.0096181233 | G7: =E7-F7 -> -0.20855676
A8: 29768 | B8: -0.003 | C8: -0.038369 | D8: =B8-$J$2 -> -0.0064858796 | E8: =C8-$J$2 -> -0.04185488 | F8: =Regression!$B$17+Regression!$B$18*Returns!D8 -> 0.00044375057 | G8: =E8-F8 -> -0.04229863
A9: 29799 | B9: -0.0575 | C9: -0.194514 | D9: =B9-$J$2 -> -0.06098588 | E9: =C9-$J$2 -> -0.19799988 | F9: =Regression!$B$17+Regression!$B$18*Returns!D9 -> -0.07679176 | G9: =E9-F9 -> -0.12120812
A10: 29830 | B10: -0.0593 | C10: -0.241486 | D10: =B10-$J$2 -> -0.06278588 | E10: =C10-$J$2 -> -0.24497188 | F10: =Regression!$B$17+Regression!$B$18*Returns!D10 -> -0.079342658 | G10: =E10-F10 -> -0.16562922
A11: 29860 | B11: 0.0613 | C11: 0.310204 | D11: =B11-$J$2 -> 0.05781412 | E11: =C11-$J$2 -> 0.30671812 | F11: =Regression!$B$17+Regression!$B$18*Returns!D11 -> 0.091567482 | G11: =E11-F11 -> 0.21515064
A12: 29891 | B12: 0.0443 | C12: -0.068536 | D12: =B12-$J$2 -> 0.04081412 | E12: =C12-$J$2 -> -0.07202188 | F12: =Regression!$B$17+Regression!$B$18*Returns!D12 -> 0.067475671 | G12: =E12-F12 -> -0.13949755
A13: 29921 | B13: -0.0278 | C13: 0.187291 | D13: =B13-$J$2 -> -0.03128588 | E13: =C13-$J$2 -> 0.18380512 | F13: =Regression!$B$17+Regression!$B$18*Returns!D13 -> -0.03470195 | G13: =E13-F13 -> 0.21850707
A14: 29952 | B14: -0.0244 | C14: -0.078873 | D14: =B14-$J$2 -> -0.02788588 | E14: =C14-$J$2 -> -0.08235888 | F14: =Regression!$B$17+Regression!$B$18*Returns!D14 -> -0.029883588 | G14: =E14-F14 -> -0.052475292
A15: 29983 | B15: -0.0494 | C15: -0.103976 | D15: =B15-$J$2 -> -0.05288588 | E15: =C15-$J$2 -> -0.10746188 | F15: =Regression!$B$17+Regression!$B$18*Returns!D15 -> -0.065312721 | G15: =E15-F15 -> -0.042149158
A16: 30011 | B16: -0.0089 | C16: -0.075085 | D16: =B16-$J$2 -> -0.01238588 | E16: =C16-$J$2 -> -0.07857088 | F16: =Regression!$B$17+Regression!$B$18*Returns!D16 -> -0.0079175249 | G16: =E16-F16 -> -0.070653355
... A433: 42705 | B433: 0.0185 | C433: 0.047955 | D433: =B433-$J$2 -> 0.01501412 | E433: =C433-$J$2 -> 0.04446912 | F433: =Regression!$B$17+Regression!$B$18*Returns!D433 -> 0.030912805 | G433: =E433-F433 -> 0.013556315

Sheet Regression
A1: SUMMARY OUTPUT
A3: Regression Statistics
A5: R Square | B5: 0.21549561
A7: Standard Error | B7: 0.1192778
A8: Observations | B8: 432
A10: ANOVA
B11: df | C11: SS | D11: MS
A12: Regression | B12: 1 | C12: 1.6804699 | D12: 1.6804699
A13: Residual | B13: 430 | C13: 6.1176931 | D13: 0.014227193
A14: Total | B14: 431 | C14: 7.798163
B16: Coefficients | C16: Standard Error | D16: t Stat | E16: P-value | F16: Lower 95% | G16: Upper 95%
A17: Intercept | B17: 0.0096353144 | C17: 0.0057948217 | D17: 1.6627456 | E17: 0.097092051 | F17: -0.0017543856 | G17: 0.021025014
A18: Excess Market Return | B18: 1.4171653 | C18: 0.13039615 | D18: 10.868153 | E18: 1.7891796e-24 | F18: 1.1608722 | G18: 1.6734585
A22: RESIDUAL OUTPUT
A24: Observation | B24: Predicted Excess Apple Return | C24: Residuals
A25: 1 | B25: -0.051991367 | C25: -0.12151251
A26: 2 | B26: 0.027795042 | C26: -0.092954921
A27: 3 | B27: 0.072294033 | C27: -0.15089691
A28: 4 | B28: -0.0097598399 | C28: 0.16363396
A29: 5 | B29: 0.02255153 | C29: 0.13843659
A30: 6 | B30: -0.0096181233 | C30: -0.20855676
A31: 7 | B31: 0.00044375057 | C31: -0.04229863
A32: 8 | B32: -0.07679176 | C32: -0.12120812
A33: 9 | B33: -0.079342658 | C33: -0.16562922
A34: 10 | B34: 0.091567482 | C34: 0.21515064
A35: 11 | B35: 0.067475671 | C35: -0.13949755
A36: 12 | B36: -0.03470195 | C36: 0.21850707
... A456: 432 | B456: 0.030912805 | C456: 0.013556315

Sheet Prediction
A1: Excess Market Return | B1: Predicted Apple Excess Return | C1: Lower 95% CI | D1: Upper 95% CI
A2: -0.23 | B2: =Regression!$B$17+Regression!$B$18*Prediction!A2 -> -0.31631271 | C2: =B2-$G$6*$G$3*SQRT(1/$G$2+(A2-$G$4)^2/$G$5) -> -0.37788268 | D2: =B2+$G$6*$G$3*SQRT(1/$G$2+(A2-$G$4)^2/$G$5) -> -0.25474275 | F2: n | G2: 432
A3: =A2+0.01 -> -0.22 | B3: =Regression!$B$17+Regression!$B$18*Prediction!A3 -> -0.30214106 | C3: =B3-$G$6*$G$3*SQRT(1/$G$2+(A3-$G$4)^2/$G$5) -> -0.36119333 | D3: =B3+$G$6*$G$3*SQRT(1/$G$2+(A3-$G$4)^2/$G$5) -> -0.24308879 | F3: s | G3: =Regression!B7 -> 0.1192778
A4: =A3+0.01 -> -0.21 | B4: =Regression!$B$17+Regression!$B$18*Prediction!A4 -> -0.28796941 | C4: =B4-$G$6*$G$3*SQRT(1/$G$2+(A4-$G$4)^2/$G$5) -> -0.34450806 | D4: =B4+$G$6*$G$3*SQRT(1/$G$2+(A4-$G$4)^2/$G$5) -> -0.23143076 | F4: xbar | G4: =AVERAGE(Returns!D2:D433) -> 0.0061668981
A5: =A4+0.01 -> -0.2 | B5: =Regression!$B$17+Regression!$B$18*Prediction!A5 -> -0.27379775 | C5: =B5-$G$6*$G$3*SQRT(1/$G$2+(A5-$G$4)^2/$G$5) -> -0.32782741 | D5: =B5+$G$6*$G$3*SQRT(1/$G$2+(A5-$G$4)^2/$G$5) -> -0.21976809 | F5: SSX | G5: =DEVSQ(Returns!D2:D433) -> 0.8367384
A6: =A5+0.01 -> -0.19 | B6: =Regression!$B$17+Regression!$B$18*Prediction!A6 -> -0.2596261 | C6: =B6-$G$6*$G$3*SQRT(1/$G$2+(A6-$G$4)^2/$G$5) -> -0.31115208 | D6: =B6+$G$6*$G$3*SQRT(1/$G$2+(A6-$G$4)^2/$G$5) -> -0.20810012 | F6: cv | G6: =_xlfn.T.INV(0.975,430) -> 1.9654962
A7: =A6+0.01 -> -0.18 | B7: =Regression!$B$17+Regression!$B$18*Prediction!A7 -> -0.24545445 | C7: =B7-$G$6*$G$3*SQRT(1/$G$2+(A7-$G$4)^2/$G$5) -> -0.29448287 | D7: =B7+$G$6*$G$3*SQRT(1/$G$2+(A7-$G$4)^2/$G$5) -> -0.19642603
A8: =A7+0.01 -> -0.17 | B8: =Regression!$B$17+Regression!$B$18*Prediction!A8 -> -0.23128279 | C8: =B8-$G$6*$G$3*SQRT(1/$G$2+(A8-$G$4)^2/$G$5) -> -0.27782076 | D8: =B8+$G$6*$G$3*SQRT(1/$G$2+(A8-$G$4)^2/$G$5) -> -0.18474482
A9: =A8+0.01 -> -0.16 | B9: =Regression!$B$17+Regression!$B$18*Prediction!A9 -> -0.21711114 | C9: =B9-$G$6*$G$3*SQRT(1/$G$2+(A9-$G$4)^2/$G$5) -> -0.26116698 | D9: =B9+$G$6*$G$3*SQRT(1/$G$2+(A9-$G$4)^2/$G$5) -> -0.1730553
A10: =A9+0.01 -> -0.15 | B10: =Regression!$B$17+Regression!$B$18*Prediction!A10 -> -0.20293949 | C10: =B10-$G$6*$G$3*SQRT(1/$G$2+(A10-$G$4)^2/$G$5) -> -0.24452299 | D10: =B10+$G$6*$G$3*SQRT(1/$G$2+(A10-$G$4)^2/$G$5) -> -0.16135598
A11: =A10+0.01 -> -0.14 | B11: =Regression!$B$17+Regression!$B$18*Prediction!A11 -> -0.18876783 | C11: =B11-$G$6*$G$3*SQRT(1/$G$2+(A11-$G$4)^2/$G$5) -> -0.22789067 | D11: =B11+$G$6*$G$3*SQRT(1/$G$2+(A11-$G$4)^2/$G$5) -> -0.14964499
A12: =A11+0.01 -> -0.13 | B12: =Regression!$B$17+Regression!$B$18*Prediction!A12 -> -0.17459618 | C12: =B12-$G$6*$G$3*SQRT(1/$G$2+(A12-$G$4)^2/$G$5) -> -0.21127236 | D12: =B12+$G$6*$G$3*SQRT(1/$G$2+(A12-$G$4)^2/$G$5) -> -0.13792
A13: =A12+0.01 -> -0.12 | B13: =Regression!$B$17+Regression!$B$18*Prediction!A13 -> -0.16042453 | C13: =B13-$G$6*$G$3*SQRT(1/$G$2+(A13-$G$4)^2/$G$5) -> -0.19467106 | D13: =B13+$G$6*$G$3*SQRT(1/$G$2+(A13-$G$4)^2/$G$5) -> -0.12617799
A14: =A13+0.01 -> -0.11 | B14: =Regression!$B$17+Regression!$B$18*Prediction!A14 -> -0.14625287 | C14: =B14-$G$6*$G$3*SQRT(1/$G$2+(A14-$G$4)^2/$G$5) -> -0.17809067 | D14: =B14+$G$6*$G$3*SQRT(1/$G$2+(A14-$G$4)^2/$G$5) -> -0.11441507
A15: =A14+0.01 -> -0.1 | B15: =Regression!$B$17+Regression!$B$18*Prediction!A15 -> -0.13208122 | C15: =B15-$G$6*$G$3*SQRT(1/$G$2+(A15-$G$4)^2/$G$5) -> -0.16153632 | D15: =B15+$G$6*$G$3*SQRT(1/$G$2+(A15-$G$4)^2/$G$5) -> -0.10262612
A16: =A15+0.01 -> -0.09 | B16: =Regression!$B$17+Regression!$B$18*Prediction!A16 -> -0.11790957 | C16: =B16-$G$6*$G$3*SQRT(1/$G$2+(A16-$G$4)^2/$G$5) -> -0.14501487 | D16: =B16+$G$6*$G$3*SQRT(1/$G$2+(A16-$G$4)^2/$G$5) -> -0.09080426
A17: =A16+0.01 -> -0.08 | B17: =Regression!$B$17+Regression!$B$18*Prediction!A17 -> -0.10373791 | C17: =B17-$G$6*$G$3*SQRT(1/$G$2+(A17-$G$4)^2/$G$5) -> -0.12853569 | D17: =B17+$G$6*$G$3*SQRT(1/$G$2+(A17-$G$4)^2/$G$5) -> -0.07894014
A18: =A17+0.01 -> -0.07 | B18: =Regression!$B$17+Regression!$B$18*Prediction!A18 -> -0.089566259 | C18: =B18-$G$6*$G$3*SQRT(1/$G$2+(A18-$G$4)^2/$G$5) -> -0.11211174 | D18: =B18+$G$6*$G$3*SQRT(1/$G$2+(A18-$G$4)^2/$G$5) -> -0.067020779
... A40: =A39+0.01 -> 0.15 | B40: =Regression!$B$17+Regression!$B$18*Prediction!A40 -> 0.22221012 | C40: =B40-$G$6*$G$3*SQRT(1/$G$2+(A40-$G$4)^2/$G$5) -> 0.18365963 | D40: =B40+$G$6*$G$3*SQRT(1/$G$2+(A40-$G$4)^2/$G$5) -> 0.2607606
