Workbook

Sheet Returns
A1: Date | B1: Market Return | C1: P&G's Return | D1: Excess Market Return | E1: Excess P&G Return | F1: Predicted P&G Excess Return | G1: Sample Error
A2: 29587 | B2: -0.04 | C2: -0.01343 | D2: =B2-$J$2 -> -0.04348588 | E2: =C2-$J$2 -> -0.01691588 | F2: =[1]Regression!$B$17+[1]Regression!$B$18*Returns!D2 -> -0.016815939 | G2: =E2-F2 -> -9.9940526e-05 | I2: Rf | J2: 0.0034858796
A3: 29618 | B3: 0.0163 | C3: 0.065299 | D3: =B3-$J$2 -> 0.01281412 | E3: =C3-$J$2 -> 0.06181312 | F3: =[1]Regression!$B$17+[1]Regression!$B$18*Returns!D3 -> 0.012466748 | G3: =E3-F3 -> 0.049346373 | I3: x_bar | J3: =AVERAGE(D2:D433) -> 0.0061668981 | K3: Market Risk Premium
A4: 29646 | B4: 0.0477 | C4: -0.012259 | D4: =B4-$J$2 -> 0.04421412 | E4: =C4-$J$2 -> -0.01574488 | F4: =[1]Regression!$B$17+[1]Regression!$B$18*Returns!D4 -> 0.028798477 | G4: =E4-F4 -> -0.044543357 | I4: y_bar | J4: =AVERAGE(E2:E433) -> 0.0090094028 | K4: P&G's Risk Premium
A5: 29677 | B5: -0.0102 | C5: 0.031206 | D5: =B5-$J$2 -> -0.01368588 | E5: =C5-$J$2 -> 0.02772012 | F5: =[1]Regression!$B$17+[1]Regression!$B$18*Returns!D5 -> -0.0013163997 | G5: =E5-F5 -> 0.02903652
A6: 29707 | B6: 0.0126 | C6: -0.017422 | D6: =B6-$J$2 -> 0.0091141204 | E6: =C6-$J$2 -> -0.02090788 | F6: =[1]Regression!$B$17+[1]Regression!$B$18*Returns!D6 -> 0.010542308 | G6: =E6-F6 -> -0.031450188 | I6: SSX
A7: 29738 | B7: -0.0101 | C7: 0.074468 | D7: =B7-$J$2 -> -0.01358588 | E7: =C7-$J$2 -> 0.07098212 | F7: =[1]Regression!$B$17+[1]Regression!$B$18*Returns!D7 -> -0.0012643878 | G7: =E7-F7 -> 0.072246508
A8: 29768 | B8: -0.003 | C8: -0.028713 | D8: =B8-$J$2 -> -0.0064858796 | E8: =C8-$J$2 -> -0.03219888 | F8: =[1]Regression!$B$17+[1]Regression!$B$18*Returns!D8 -> 0.0024284555 | G8: =E8-F8 -> -0.034627335
A9: 29799 | B9: -0.0575 | C9: -0.04475 | D9: =B9-$J$2 -> -0.06098588 | E9: =C9-$J$2 -> -0.04823588 | F9: =[1]Regression!$B$17+[1]Regression!$B$18*Returns!D9 -> -0.025918018 | G9: =E9-F9 -> -0.022317862
A10: 29830 | B10: -0.0593 | C10: 0.063063 | D10: =B10-$J$2 -> -0.06278588 | E10: =C10-$J$2 -> 0.05957712 | F10: =[1]Regression!$B$17+[1]Regression!$B$18*Returns!D10 -> -0.026854231 | G10: =E10-F10 -> 0.086431352
A11: 29860 | B11: 0.0613 | C11: 0.075254 | D11: =B11-$J$2 -> 0.05781412 | E11: =C11-$J$2 -> 0.07176812 | F11: =[1]Regression!$B$17+[1]Regression!$B$18*Returns!D11 -> 0.035872093 | G11: =E11-F11 -> 0.035896028
A12: 29891 | B12: 0.0443 | C12: 0.025559 | D12: =B12-$J$2 -> 0.04081412 | E12: =C12-$J$2 -> 0.02207312 | F12: =[1]Regression!$B$17+[1]Regression!$B$18*Returns!D12 -> 0.027030074 | G12: =E12-F12 -> -0.0049569531
A13: 29921 | B13: -0.0278 | C13: 0.001558 | D13: =B13-$J$2 -> -0.03128588 | E13: =C13-$J$2 -> -0.0019278796 | F13: =[1]Regression!$B$17+[1]Regression!$B$18*Returns!D13 -> -0.01047049 | G13: =E13-F13 -> 0.0085426104
A14: 29952 | B14: -0.0244 | C14: 0.073717 | D14: =B14-$J$2 -> -0.02788588 | E14: =C14-$J$2 -> 0.07023112 | F14: =[1]Regression!$B$17+[1]Regression!$B$18*Returns!D14 -> -0.0087020862 | G14: =E14-F14 -> 0.078933207
A15: 29983 | B15: -0.0494 | C15: -0.02346 | D15: =B15-$J$2 -> -0.05288588 | E15: =C15-$J$2 -> -0.02694588 | F15: =[1]Regression!$B$17+[1]Regression!$B$18*Returns!D15 -> -0.021705056 | G15: =E15-F15 -> -0.0052408241
A16: 30011 | B16: -0.0089 | C16: -0.006006 | D16: =B16-$J$2 -> -0.01238588 | E16: =C16-$J$2 -> -0.0094918796 | F16: =[1]Regression!$B$17+[1]Regression!$B$18*Returns!D16 -> -0.00064024525 | G16: =E16-F16 -> -0.0088516344
A17: 30042 | B17: 0.044 | C17: 0.047432 | D17: =B17-$J$2 -> 0.04051412 | E17: =C17-$J$2 -> 0.04394612 | F17: =[1]Regression!$B$17+[1]Regression!$B$18*Returns!D17 -> 0.026874038 | G17: =E17-F17 -> 0.017072082
A18: 30072 | B18: -0.0293 | C18: -0.020438 | D18: =B18-$J$2 -> -0.03278588 | E18: =C18-$J$2 -> -0.02392388 | F18: =[1]Regression!$B$17+[1]Regression!$B$18*Returns!D18 -> -0.011250668 | G18: =E18-F18 -> -0.012673211
... A433: 42705 | B433: 0.0185 | C433: 0.019646 | D433: =B433-$J$2 -> 0.01501412 | E433: =C433-$J$2 -> 0.01616012 | F433: =[1]Regression!$B$17+[1]Regression!$B$18*Returns!D433 -> 0.013611009 | G433: =E433-F433 -> 0.0025491112

Sheet Regression
A1: SUMMARY OUTPUT
A3: Regression Statistics
A5: R Square | B5: 0.1646189
A7: Standard Error | B7: 0.051685132
A8: Observations | B8: 432
A10: ANOVA
B11: df | C11: SS | D11: MS
A12: Regression | B12: 1 | C12: 0.22635743 | D12: 0.22635743
A13: Residual | B13: 430 | C13: 1.1486817 | D13: 0.0026713528
A14: Total | B14: 431 | C14: 1.3750391
B16: Coefficients | C16: Standard Error | D16: t Stat | E16: P-value
A17: Intercept | B17: 0.0058018833 | C17: 0.0025109964 | D17: 2.31059 | E17: 0.021327931
A18: Excess Market Return | B18: 0.52011877 | C18: 0.056502905 | D18: 9.2051687 | E18: 1.502975e-18
